Pos.,Jogador,Equipe,JO,Min,PTS,3PC,3PT,3P%,2PC,2PT,2P%,LLC,LLT,LL%,EN
1,Lucas Dias #9,Sesi Franca,32,33.78,22.75,1.81,4.94,36.71,5.72,10.72,53.35,5.88,7.16,82.1,0.31
2,Holloway #1,Fortaleza B. C.,24,33.49,20.25,1.46,4.5,32.41,5.38,10.17,52.87,5.13,6.83,75.0,0.08
3,Lucas Mariano #28,São Paulo,30,29.09,19.63,1.9,5.6,33.93,5.77,9.33,61.79,2.4,3.07,78.26,1.17
4,Fuller #2,Corinthians,31,32.99,19.1,2.77,7.13,38.91,3.19,7.03,45.41,4.39,5.13,85.53,0.0
5,Yeager #3,BRB/Brasília,16,31.82,18.94,2.0,5.25,38.1,4.75,8.75,54.29,3.44,4.38,78.57,0.06
6,Cook #55,VipTech CMB,23,30.72,18.7,3.09,7.35,42.01,2.83,6.48,43.62,3.78,4.74,79.82,0.04
7,I. Thornton #0,Pato Basquete,28,31.7,15.82,2.0,5.93,33.73,3.46,8.54,40.59,2.89,4.18,69.23,0.0
8,Georginho #14,São Paulo,30,32.77,15.77,1.63,4.03,40.5,3.4,5.97,56.98,4.07,4.77,85.31,0.53
9,Wesley #21,Mogi,35,29.02,15.34,1.43,4.2,34.01,4.49,6.94,64.61,2.09,2.94,70.87,0.46
10,Fuller #14,Cerrado Basquete,13,31.74,15.23,1.08,4.23,25.45,3.77,8.54,44.14,4.46,5.23,85.29,0.23
11,Shamell #8,São Paulo,29,29.79,15.14,2.55,5.83,43.79,2.52,4.62,54.48,2.45,2.79,87.65,0.0
12,Alex Garcia #10,Bauru,34,31.36,14.85,1.71,5.0,34.12,3.41,5.71,59.79,2.91,4.0,72.79,0.06
13,Brite #3,Fortaleza B. C.,26,29.39,14.54,1.62,4.5,35.9,3.88,7.12,54.59,1.92,2.38,80.65,0.04
14,Coleman #9,Mogi,28,29.37,14.0,2.75,7.57,36.32,2.04,4.43,45.97,1.68,2.0,83.93,0.18
15,Gui Deodato #1,Bauru,34,32.68,13.97,1.97,6.03,32.68,3.03,5.68,53.37,2.0,2.5,80.0,0.38
16,Pierotti #4,VipTech CMB,20,31.97,13.95,2.05,7.0,29.29,2.6,6.1,42.62,2.6,3.5,74.29,0.0
17,David Jackson #32,Minas,27,28.77,13.89,1.81,3.89,46.67,2.74,5.04,54.41,2.96,3.26,90.91,0.0
18,Wiggins #15,Cerrado Basquete,15,24.6,13.67,0.87,3.8,22.81,3.47,8.13,42.62,4.13,5.0,82.67,0.33
19,Marquinhos #11,Flamengo,26,24.13,13.38,1.81,5.27,34.31,2.58,4.81,53.6,2.81,3.65,76.84,0.12
20,Johnson Sr #22,Minas,30,26.5,13.37,1.63,4.37,37.4,2.8,4.73,59.15,2.87,3.83,74.78,0.1
21,Antonio #11,KTO/Caxias do Sul,32,30.81,13.25,1.34,3.63,37.07,3.28,5.72,57.38,2.66,3.38,78.7,0.13
22,Thomas #24,Paulistano,18,25.2,13.22,1.0,3.11,32.14,4.22,8.11,52.05,1.78,2.5,71.11,0.39
23,Hettsheimeir #30,Flamengo,32,21.14,13.06,1.88,4.56,41.1,2.44,4.34,56.12,2.56,3.09,82.83,0.16
24,Betinho #26,UNIFACISA,33,26.08,13.0,1.61,4.55,35.33,2.73,5.82,46.88,2.73,3.42,79.65,0.06
25,Eddy #33,KTO/Caxias do Sul,31,33.75,12.97,2.61,7.84,33.33,1.94,3.48,55.56,1.26,1.77,70.91,0.19
26,Alexey Borges #8,Bauru,29,32.85,12.97,1.9,4.24,44.72,2.72,4.83,56.43,1.83,2.38,76.81,0.0
27,Cauê #8,Paulistano,19,27.07,12.89,1.37,4.37,31.33,3.0,5.79,51.82,2.79,3.11,89.83,0.11
28,Tyrone Curnell #0,Bauru,35,28.26,12.86,1.43,4.69,30.49,3.17,5.51,57.51,2.23,2.86,78.0,0.14
29,Coelho #10,Cerrado Basquete,15,26.07,12.47,1.2,3.2,37.5,3.2,5.33,60.0,2.47,4.27,57.81,0.07
30,Fúlvio #2,Mogi,32,30.11,12.44,1.84,4.88,37.82,1.56,3.38,46.3,3.78,4.06,93.08,0.0
31,Green #44,Sesi Franca,17,24.85,12.41,0.53,1.53,34.62,4.47,7.12,62.81,1.88,2.29,82.05,0.18
32,Olivinha #16,Flamengo,26,21.39,12.38,1.42,3.12,45.68,3.0,5.35,56.12,2.12,2.85,74.32,0.04
33,Chuzito #8,Flamengo,27,24.32,12.3,2.22,5.85,37.97,1.63,3.37,48.35,2.37,2.52,94.12,0.04
34,Batista #13,Minas,32,22.65,12.09,0.19,0.47,40.0,4.81,8.5,56.62,1.91,2.41,79.22,0.0
35,André Goes #40,Sesi Franca,33,30.67,12.06,1.67,5.09,32.74,2.36,4.55,52.0,2.33,2.64,88.51,0.0
36,Da Silva #7,KTO/Caxias do Sul,29,23.63,12.03,0.62,2.21,28.13,3.66,6.55,55.79,2.86,3.86,74.11,0.9
37,Fischer #1,Corinthians,31,25.52,12.0,1.9,4.13,46.09,2.03,4.06,50.0,2.23,2.48,89.61,0.0
38,Nehemias #7,UNIFACISA,33,22.65,12.0,1.61,4.27,37.59,2.67,5.48,48.62,1.85,2.42,76.25,0.03
39,Miller #33,Corinthians,32,27.28,11.97,1.84,4.19,44.03,2.63,4.16,63.16,1.19,1.41,84.44,0.22
40,Matheusinho #9,Pato Basquete,30,25.22,11.83,0.87,3.1,27.96,3.17,6.43,49.22,2.9,4.23,68.5,0.0
41,Ruivo #4,Paulistano,33,28.75,11.82,2.42,5.42,44.69,1.48,2.85,52.13,1.58,2.18,72.22,0.0
42,Gabriel #2,Pinheiros,30,25.15,11.8,2.23,6.53,34.18,1.53,3.2,47.92,2.03,2.77,73.49,0.03
43,Paulo #7,Cerrado Basquete,27,26.87,11.78,1.33,3.44,38.71,3.04,6.7,45.3,1.7,2.19,77.97,0.3
44,Laster #14,BRB/Brasília,28,28.02,11.71,2.14,6.04,35.5,1.86,4.25,43.7,1.57,2.07,75.86,0.25
45,Felipe #33,Fortaleza B. C.,20,27.35,11.6,1.6,5.15,31.07,2.3,4.85,47.42,2.2,3.0,73.33,0.1
46,Siewert #25,Corinthians,26,25.61,11.5,1.77,5.0,35.38,2.54,5.19,48.89,1.12,1.31,85.29,0.0
47,Pedro Teruel #12,KTO/Caxias do Sul,32,28.09,11.47,1.13,3.69,30.51,3.0,6.69,44.86,2.09,3.0,69.79,0.0
48,Zach Graham #32,Bauru,20,27.9,11.1,1.55,4.45,34.83,2.5,5.15,48.54,1.45,1.85,78.38,0.0
49,Du Sommer #17,Paulistano,13,24.7,11.08,0.77,3.23,23.81,3.38,6.0,56.41,2.0,3.38,59.09,0.23
50,Nico #22,KTO/Caxias do Sul,25,31.02,11.04,1.48,3.32,44.58,2.4,5.12,46.88,1.8,2.08,86.54,0.0
51,Parodi #21,Minas,22,21.94,10.91,1.55,4.14,37.36,2.36,5.14,46.02,1.55,2.0,77.27,0.0
52,Bennett #3,São Paulo,31,30.64,10.87,0.81,1.52,53.19,3.55,5.19,68.32,1.35,1.94,70.0,0.06
53,Yago #2,Flamengo,31,24.82,10.77,1.94,5.23,37.04,1.48,2.45,60.53,2.0,2.52,79.49,0.0
54,Barnes #34,UNIFACISA,31,21.51,10.74,1.55,4.48,34.53,2.61,4.61,56.64,0.87,1.1,79.41,0.0
55,Fuzaro #6,Sesi Franca,34,27.15,10.71,0.82,2.5,32.94,3.15,5.71,55.15,1.94,2.29,84.62,0.35
56,Nesbitt #25,Minas,29,25.94,10.69,1.66,3.59,46.15,1.86,3.76,49.54,2.0,2.52,79.45,0.48
57,Humberto #19,Pinheiros,26,31.63,10.58,1.62,5.19,31.11,1.85,5.0,36.92,2.04,3.23,63.1,0.08
58,Nezinho #23,BRB/Brasília,25,26.26,10.32,1.72,6.16,27.92,1.48,3.56,41.57,2.2,3.4,64.71,0.0
59,Gruber #20,Mogi,34,21.68,9.88,1.44,4.41,32.67,1.97,4.5,43.79,1.62,2.0,80.88,0.26
60,Elinho #5,Sesi Franca,31,31.48,9.74,1.48,3.39,43.81,2.23,3.97,56.1,0.84,1.16,72.22,0.0
61,Gemerson #6,BRB/Brasília,17,26.3,9.59,0.88,3.12,28.3,2.71,5.06,53.49,1.53,2.12,72.22,0.0
62,D. Nunes #24,Cerrado Basquete,28,27.44,9.57,1.14,3.29,34.78,2.25,4.07,55.26,1.64,2.0,82.14,0.07
63,Rashaun #17,Fortaleza B. C.,30,23.92,9.53,1.27,4.43,28.57,2.1,4.4,47.73,1.53,2.07,74.19,0.03
64,Martinez #25,Flamengo,17,19.08,9.53,2.24,5.18,43.18,1.06,1.76,60.0,0.71,0.82,85.71,0.0
65,Renan #44,São Paulo,29,23.5,9.52,1.31,4.03,32.48,1.97,3.72,52.78,1.66,1.86,88.89,0.69
66,Maique #35,Paulistano,32,24.17,9.5,0.59,1.31,45.24,3.03,5.41,56.07,1.66,2.38,69.74,0.94
67,Smith #10,Sesi Franca,17,24.34,9.47,1.94,3.94,49.25,1.0,2.35,42.5,1.65,1.94,84.85,0.0
68,Paranhos #24,UNIFACISA,25,23.88,9.44,0.0,0.0,0.0,4.2,8.48,49.53,1.04,1.88,55.32,0.24
69,Arthur #4,BRB/Brasília,20,22.87,9.4,0.9,3.05,29.51,2.3,4.55,50.55,2.1,2.45,85.71,0.0
70,Caio Torres #13,BRB/Brasília,28,23.42,9.39,0.93,2.86,32.5,2.64,5.11,51.75,1.32,1.82,72.55,0.0
71,Buffat #9,Pinheiros,23,23.39,9.35,1.3,3.61,36.14,1.96,4.43,44.12,1.52,2.0,76.09,0.09
72,Crescenzi #8,Cerrado Basquete,30,20.33,9.3,1.43,4.43,32.33,2.07,3.57,57.94,0.87,1.1,78.79,0.0
73,Vitão #10,Paulistano,30,25.01,9.23,1.47,4.27,34.38,1.83,4.37,41.98,1.17,1.47,79.55,0.13
74,Munford #14,Pinheiros,26,24.06,9.08,0.38,1.65,23.26,3.27,6.58,49.71,1.38,1.73,80.0,0.0
75,Mathias #12,Fortaleza B. C.,30,25.63,9.07,0.2,0.8,25.0,3.73,6.03,61.88,1.0,1.63,61.22,0.23
76,Deryk #9,Paulistano,33,25.92,8.94,1.3,4.76,27.39,2.12,4.0,53.03,0.79,1.18,66.67,0.0
77,Fabricio #10,Mogi,35,26.16,8.91,1.66,4.63,35.8,1.46,3.29,44.35,1.03,1.37,75.0,0.0
78,Scheuer #14,Pato Basquete,32,23.94,8.88,0.47,1.59,29.41,2.75,4.94,55.7,1.97,2.91,67.74,0.59
79,Lucão #31,VipTech CMB,30,20.23,8.67,0.0,0.0,0.0,4.0,6.87,58.25,0.67,1.37,48.78,0.23
80,Arthur #36,Corinthians,28,22.72,8.64,0.96,2.36,40.91,2.14,4.68,45.8,1.46,1.75,83.67,0.0
81,Mineiro #12,Flamengo,30,24.38,8.63,1.0,3.1,32.26,2.3,3.93,58.47,1.03,1.67,62.0,0.37
82,G. Basílio #10,Pinheiros,27,23.0,8.59,1.44,4.15,34.82,1.56,3.74,41.58,1.15,1.44,79.49,0.0
83,Shilton #66,KTO/Caxias do Sul,26,29.26,8.54,0.0,0.04,0.0,3.31,5.96,55.48,1.92,3.81,50.51,0.0
84,Jimmy #18,Paulistano,33,25.29,8.52,1.55,4.76,32.48,1.61,3.94,40.77,0.67,0.88,75.86,0.0
85,Demétrio #71,Flamengo,30,19.76,8.43,0.97,3.2,30.21,2.27,3.57,63.55,1.0,1.5,66.67,0.57
86,Gabriel Jaú #25,Bauru,31,19.33,8.42,0.06,0.52,12.5,3.1,5.19,59.63,2.03,3.1,65.63,0.29
87,Davi #5,Minas,32,24.87,8.41,1.25,3.56,35.09,1.5,3.19,47.06,1.66,2.06,80.3,0.0
88,Gui Santos #11,Minas,32,20.94,8.34,0.81,2.09,38.81,2.06,3.88,53.23,1.78,3.0,59.38,0.25
89,Pastor #9,UNIFACISA,33,21.27,8.21,1.09,2.82,38.71,1.91,3.33,57.27,1.12,1.52,74.0,0.09
90,Lucas #10,Pato Basquete,27,22.34,8.15,1.44,4.19,34.51,1.15,3.67,31.31,1.52,1.85,82.0,0.0
91,Jefferson #11,São Paulo,29,19.91,8.07,1.52,4.45,34.11,1.07,2.86,37.35,1.38,1.86,74.07,0.03
92,Balbi #6,Flamengo,25,23.45,8.0,1.52,4.24,35.85,1.12,2.44,45.9,1.2,1.64,73.17,0.0
93,Rafa #16,UNIFACISA,33,20.01,7.76,0.36,0.97,37.5,2.7,4.45,60.54,1.27,1.67,76.36,0.15
94,Frierson #3,VipTech CMB,30,18.95,7.7,1.83,5.23,35.03,0.63,1.5,42.22,0.93,1.27,73.68,0.0
95,Douglas Santos #0,Mogi,29,19.68,7.66,0.24,0.93,25.93,2.86,5.0,57.24,1.21,1.66,72.92,0.48
96,Vezaro #10,UNIFACISA,33,18.98,7.58,1.82,3.88,46.88,0.85,1.82,46.67,0.42,0.42,100.0,0.0
97,Márcio #3,Sesi Franca,30,16.56,7.4,0.23,0.53,43.75,2.47,3.9,63.25,1.77,2.8,63.1,0.8
98,Larry Taylor #4,Bauru,35,22.94,7.31,1.37,3.94,34.78,1.14,2.71,42.11,0.91,0.97,94.12,0.0
99,Diego #15,Bauru,34,19.89,7.24,1.29,2.88,44.9,1.18,2.5,47.06,1.0,1.38,72.34,0.12
100,Gui Abreu #33,Sesi Franca,30,18.88,7.23,1.07,2.8,38.1,1.5,2.67,56.25,1.03,1.4,73.81,0.37
101,Augusto #55,Pato Basquete,25,21.44,7.2,1.24,4.44,27.93,1.28,2.68,47.76,0.92,1.44,63.89,0.0
102,Renato #15,Corinthians,27,23.73,7.15,0.81,1.93,42.31,1.85,4.3,43.1,1.0,1.67,60.0,0.3
103,M. Pajé #25,VipTech CMB,30,22.68,7.1,0.87,3.0,28.89,1.9,3.73,50.89,0.7,1.17,60.0,0.07
104,João Vitor #0,UNIFACISA,13,18.24,7.08,0.0,0.08,0.0,2.69,5.77,46.67,1.69,3.23,52.38,0.46
105,Sena #7,Pinheiros,21,15.12,7.0,0.67,2.24,29.79,1.33,3.29,40.58,2.33,2.71,85.96,0.0
106,Sualisson #14,Fortaleza B. C.,29,24.97,7.0,0.45,1.62,27.66,2.48,5.0,49.66,0.69,1.59,43.48,0.17
107,Dawkins #10,São Paulo,30,17.7,7.0,1.07,2.57,41.56,1.4,2.63,53.16,1.0,1.33,75.0,0.0
108,Leal #2,Pato Basquete,32,18.7,7.0,0.03,0.09,33.33,2.75,5.5,50.0,1.41,2.47,56.96,0.28
109,P. Rava #7,BRB/Brasília,24,23.08,6.88,0.5,1.5,33.33,1.42,3.21,44.16,2.54,3.29,77.22,0.0
110,Servelin #3,Pato Basquete,29,19.62,6.86,0.9,2.14,41.94,1.62,3.24,50.0,0.93,1.21,77.14,0.0
111,Pedro #9,KTO/Caxias do Sul,32,21.34,6.84,1.06,3.16,33.66,1.22,2.69,45.35,1.22,1.56,78.0,0.0
112,Funches III #1,Pato Basquete,29,24.03,6.72,0.83,2.34,35.29,1.31,3.1,42.22,1.62,2.55,63.51,0.1
113,Castellon #8,VipTech CMB,29,19.6,6.72,1.38,4.31,32.0,0.83,2.21,37.5,0.93,1.14,81.82,0.03
114,T. Faria #1,Pinheiros,6,15.14,6.67,0.83,2.33,35.71,1.5,3.17,47.37,1.17,1.17,100.0,0.0
115,Schneider #18,Fortaleza B. C.,23,16.22,6.61,1.35,4.96,27.19,1.0,1.91,52.27,0.57,0.96,59.09,0.04
116,Luizinho #11,VipTech CMB,30,19.61,6.6,0.0,0.4,0.0,3.13,6.03,51.93,0.33,1.4,23.81,0.3
117,Ronald #6,Minas,24,17.06,6.58,0.0,0.08,0.0,2.67,4.08,65.31,1.25,2.17,57.69,0.17
118,Hubner #77,Sesi Franca,35,18.22,6.54,0.89,2.29,38.75,1.69,3.54,47.58,0.51,0.71,72.0,0.26
119,Teichmann #11,Pinheiros,27,27.05,6.52,0.0,0.07,0.0,2.89,5.04,57.35,0.74,1.7,43.48,0.3
120,Jefferson #0,BRB/Brasília,25,18.98,6.4,1.36,4.28,31.78,0.84,1.6,52.5,0.64,0.76,84.21,0.0
121,Isaac #7,São Paulo,24,16.3,6.38,1.33,2.83,47.06,0.83,1.21,68.97,0.71,0.88,80.95,0.17
122,Sahdi #32,UNIFACISA,15,19.11,6.2,1.27,4.13,30.65,0.67,1.93,34.48,1.07,1.13,94.12,0.0
123,Von Haydin #30,Cerrado Basquete,29,17.51,6.1,1.14,3.45,33.0,1.14,2.52,45.21,0.41,0.62,66.67,0.0
124,Queiros #3,Minas,32,16.34,6.06,1.31,3.22,40.78,0.84,1.78,47.37,0.44,0.56,77.78,0.13
125,Lessa #32,Mogi,35,22.86,5.94,0.51,1.86,27.69,1.86,3.06,60.75,0.69,1.0,68.57,0.0
126,L. Cauê #23,Corinthians,32,14.98,5.91,0.0,0.09,0.0,2.47,3.97,62.2,0.97,1.56,62.0,0.72
127,Mogi #19,Mogi,28,17.42,5.75,0.32,1.82,17.65,2.04,3.79,53.77,0.71,1.07,66.67,0.25
128,Lucas Lima #4,Cerrado Basquete,30,20.99,5.73,0.73,2.47,29.73,1.4,3.3,42.42,0.73,1.03,70.97,0.0
129,Cauê #8,Fortaleza B. C.,26,24.07,5.65,1.0,3.0,33.33,1.0,2.12,47.27,0.65,0.92,70.83,0.0
130,W. Sena #21,Pinheiros,26,14.21,5.58,0.19,0.81,23.81,2.19,5.58,39.31,0.62,1.08,57.14,0.23
131,Figueroa #33,VipTech CMB,23,25.9,5.43,0.7,3.13,22.22,1.22,2.26,53.85,0.91,1.35,67.74,0.0
132,Pecos #23,UNIFACISA,33,18.38,5.42,0.55,2.0,27.27,1.45,3.18,45.71,0.88,1.21,72.5,0.0
133,B. Fiorotto #21,Cerrado Basquete,16,15.74,5.31,0.13,0.13,100.0,2.19,3.88,56.45,0.56,1.38,40.91,0.0
134,Leonardo #21,UNIFACISA,12,13.88,5.25,0.0,0.0,0.0,2.33,3.33,70.0,0.58,0.92,63.64,0.5
135,Rafa Moreira #9,Minas,28,14.85,5.25,1.43,2.93,48.78,0.32,0.89,36.0,0.32,0.43,75.0,0.0
136,Magna #19,VipTech CMB,30,14.03,4.9,1.0,2.73,36.59,0.87,2.13,40.63,0.17,0.2,83.33,0.0
137,Marcelão #5,BRB/Brasília,30,16.99,4.83,0.0,0.07,0.0,2.1,4.3,48.84,0.63,1.27,50.0,0.1
138,Alex #10,Fortaleza B. C.,26,18.78,4.69,0.73,2.96,24.68,0.88,2.38,37.1,0.73,1.12,65.52,0.12
139,Gerson #1,São Paulo,25,13.44,4.64,0.04,0.08,50.0,1.88,3.64,51.65,0.76,1.0,76.0,0.36
140,Barbosa #32,Paulistano,29,17.2,4.62,0.48,2.52,19.18,1.17,2.86,40.96,0.83,1.52,54.55,0.17
141,Dikembe #20,Bauru,35,13.64,4.46,0.0,0.0,0.0,1.89,3.49,54.1,0.69,1.83,37.5,0.57
142,Pedro Nunes #24,Flamengo,29,14.53,4.38,0.52,2.14,24.19,0.86,2.03,42.37,1.1,1.79,61.54,0.0
143,Gegê #19,Corinthians,26,20.2,4.31,1.04,3.46,30.0,0.27,0.77,35.0,0.65,0.77,85.0,0.0
144,D. Souza #12,Pinheiros,9,12.87,4.22,0.56,2.0,27.78,1.11,2.0,55.56,0.33,0.67,50.0,0.0
145,Jhonatan #7,Flamengo,29,17.94,4.14,0.9,2.59,34.67,0.55,1.07,51.61,0.34,0.38,90.91,0.07
146,Kurtz #34,Mogi,32,9.6,4.09,0.0,0.0,0.0,1.72,2.84,60.44,0.66,1.28,51.22,0.25
147,Valter #28,Pinheiros,14,12.39,4.07,0.57,1.71,33.33,1.07,1.86,57.69,0.21,0.21,100.0,0.0
148,Alex #13,Cerrado Basquete,26,15.25,3.96,0.35,0.96,36.0,1.23,3.15,39.02,0.46,0.85,54.55,0.31
149,Doria #7,Paulistano,33,14.02,3.91,0.33,1.58,21.15,1.15,2.52,45.78,0.61,1.09,55.56,0.03
150,Gabriel #12,Pato Basquete,11,12.91,3.82,0.45,2.09,21.74,1.0,1.64,61.11,0.45,0.55,83.33,0.0
151,Pezão #21,VipTech CMB,20,10.81,3.7,0.05,0.05,100.0,1.55,2.65,58.49,0.45,1.15,39.13,0.15
152,Sérgio #1,Cerrado Basquete,30,14.9,3.57,0.0,0.0,0.0,1.53,3.33,46.0,0.5,1.3,38.46,0.4
153,Nogueira #92,Fortaleza B. C.,10,17.62,3.5,0.0,0.5,0.0,1.6,3.2,50.0,0.3,0.7,42.86,0.6
154,Jamison #6,Pinheiros,12,14.14,3.5,0.17,1.58,10.53,1.17,2.92,40.0,0.67,0.83,80.0,0.0
155,Adyel #4,Sesi Franca,32,10.71,3.47,0.28,1.22,23.08,0.94,2.28,41.1,0.75,1.0,75.0,0.03
156,Rodrigues #16,Pato Basquete,30,9.05,3.43,0.0,0.0,0.0,1.43,2.63,54.43,0.57,0.8,70.83,0.13
157,Tom #40,VipTech CMB,28,11.19,3.43,0.0,0.0,0.0,1.32,2.71,48.68,0.79,2.0,39.29,0.14
158,Zubiaurre #31,Pinheiros,24,11.93,3.42,0.46,1.13,40.74,0.92,2.17,42.31,0.21,0.46,45.45,0.04
159,J. Socas #54,BRB/Brasília,3,18.72,3.33,0.33,1.67,20.0,0.67,2.0,33.33,1.0,1.33,75.0,0.0
160,Ambrosino #35,Cerrado Basquete,28,13.85,3.32,0.36,1.46,24.39,0.96,2.18,44.26,0.32,0.46,69.23,0.14
161,Aquiles #20,Pato Basquete,31,13.18,3.23,0.35,1.35,26.19,0.77,2.26,34.29,0.61,0.68,90.48,0.0
162,Gabriel #8,BRB/Brasília,23,9.47,3.13,0.52,1.48,35.29,0.48,1.48,32.35,0.61,0.91,66.67,0.0
163,Eugeniusz #6,KTO/Caxias do Sul,28,9.55,3.07,0.14,0.68,21.05,0.86,1.89,45.28,0.93,1.75,53.06,0.0
164,Gemadinha #35,UNIFACISA,26,8.0,3.04,0.54,1.88,28.57,0.42,0.85,50.0,0.58,0.62,93.75,0.0
165,Cassiano #5,Mogi,27,10.3,3.04,0.33,0.93,36.0,0.67,1.7,39.13,0.7,0.78,90.48,0.0
166,Capela #5,Pinheiros,8,13.3,3.0,0.0,1.25,0.0,1.13,3.25,34.62,0.75,1.5,50.0,0.13
167,Jonatan #50,Paulistano,11,6.46,2.82,0.82,1.91,42.86,0.0,0.27,0.0,0.36,0.45,80.0,0.0
168,Camargo #13,Flamengo,5,6.72,2.8,0.2,0.4,50.0,0.8,1.4,57.14,0.6,1.0,60.0,0.2
169,R. Rachel #20,Flamengo,22,7.75,2.73,0.36,1.23,29.63,0.68,0.82,83.33,0.27,0.5,54.55,0.14
170,Vezarinho #10,Corinthians,27,9.04,2.7,0.37,1.26,29.41,0.59,1.41,42.11,0.41,0.52,78.57,0.0
171,Danilo #17,BRB/Brasília,19,10.22,2.58,0.26,0.68,38.46,0.47,0.95,50.0,0.84,1.16,72.73,0.0
172,M. Douglas #13,Pinheiros,26,10.06,2.54,0.08,0.46,16.67,1.04,3.04,34.18,0.23,0.58,40.0,0.31
173,Alexandrino #13,UNIFACISA,19,12.32,2.42,0.0,0.0,0.0,1.0,1.89,52.78,0.42,0.84,50.0,0.05
174,Ruan #9,Flamengo,9,5.69,2.33,0.0,0.0,0.0,0.89,1.78,50.0,0.56,1.33,41.67,0.22
175,Luis #9,Cerrado Basquete,18,7.99,2.28,0.5,1.56,32.14,0.22,0.83,26.67,0.33,0.44,75.0,0.0
176,Edu Marília #11,Sesi Franca,25,5.57,2.12,0.16,0.36,44.44,0.72,1.2,60.0,0.2,0.44,45.45,0.24
177,Lobo #9,Fortaleza B. C.,16,5.26,2.06,0.44,1.06,41.18,0.13,0.44,28.57,0.5,0.69,72.73,0.06
178,Varejão #50,VipTech CMB,4,1.74,2.0,0.0,0.0,0.0,0.75,1.25,60.0,0.5,0.75,66.67,0.0
179,Colina #8,Mogi,10,4.67,2.0,0.4,1.0,40.0,0.2,0.4,50.0,0.4,0.4,100.0,0.0
180,Lassance #24,Fortaleza B. C.,16,8.62,2.0,0.25,0.63,40.0,0.56,1.5,37.5,0.13,0.13,100.0,0.06
181,Nathan #43,Sesi Franca,6,3.2,1.83,0.5,0.67,75.0,0.0,0.17,0.0,0.33,0.33,100.0,0.0
182,Djalo #35,Corinthians,11,5.29,1.82,0.09,0.36,25.0,0.64,1.0,63.64,0.27,1.09,25.0,0.27
183,Alexei Patrício #3,Bauru,25,7.03,1.76,0.32,0.64,50.0,0.24,0.76,31.58,0.32,0.48,66.67,0.0
184,R. Stabile #17,KTO/Caxias do Sul,29,7.54,1.72,0.21,1.03,20.0,0.34,0.69,50.0,0.41,0.59,70.59,0.0
185,João Pedro #16,Bauru,6,6.54,1.67,0.0,0.0,0.0,0.67,1.33,50.0,0.33,0.33,100.0,0.17
186,Maciel #34,Flamengo,12,5.28,1.67,0.42,0.92,45.45,0.17,0.67,25.0,0.08,0.33,25.0,0.0
187,Dalaqua #8,Corinthians,19,7.89,1.63,0.32,1.47,21.43,0.32,0.58,54.55,0.05,0.11,50.0,0.0
188,L. Brito #6,VipTech CMB,11,6.3,1.55,0.0,0.36,0.0,0.45,1.55,29.41,0.64,0.82,77.78,0.27
189,Kirsten #11,Pato Basquete,11,6.57,1.55,0.45,1.09,41.67,0.09,0.36,25.0,0.0,0.0,0.0,0.0
190,Vinícius #3,Paulistano,2,2.87,1.5,0.5,1.0,50.0,0.0,0.0,0.0,0.0,0.0,0.0,0.0
191,Rubinho #15,KTO/Caxias do Sul,2,1.2,1.5,0.5,1.0,50.0,0.0,0.0,0.0,0.0,0.0,0.0,0.0
192,J V Vieira #90,Cerrado Basquete,2,1.33,1.5,0.5,1.0,50.0,0.0,0.0,0.0,0.0,0.0,0.0,0.0
193,Ludwig #14,Corinthians,8,2.44,1.5,0.0,0.0,0.0,0.63,0.88,71.43,0.25,0.25,100.0,0.0
194,Dias #31,Minas,10,4.42,1.5,0.3,1.2,25.0,0.3,0.4,75.0,0.0,0.0,0.0,0.0
195,Ianguas #20,Paulistano,22,6.36,1.41,0.0,0.0,0.0,0.64,1.14,56.0,0.14,0.27,50.0,0.18
196,Gabriel #7,Fortaleza B. C.,16,5.57,1.38,0.06,0.75,8.33,0.38,1.13,33.33,0.44,0.5,87.5,0.0
197,Igor #20,São Paulo,15,7.77,1.2,0.33,1.53,21.74,0.0,0.47,0.0,0.2,0.53,37.5,0.0
198,D. Penteado #12,São Paulo,15,8.11,1.13,0.33,1.67,20.0,0.07,0.6,11.11,0.0,0.0,0.0,0.07
199,Augusto #46,Minas,9,3.29,1.11,0.0,0.0,0.0,0.44,1.33,33.33,0.22,0.33,66.67,0.0
200,Derick #8,Pato Basquete,24,6.23,1.08,0.08,0.67,12.5,0.42,1.08,38.46,0.0,0.0,0.0,0.04
201,Adriano Big #4,KTO/Caxias do Sul,17,6.84,1.06,0.0,0.0,0.0,0.35,1.12,31.58,0.35,0.71,50.0,0.12
202,Santana #34,Pinheiros,2,18.42,1.0,0.0,1.0,0.0,0.5,1.0,50.0,0.0,0.0,0.0,0.0
203,André #23,Paulistano,3,3.84,1.0,0.0,0.0,0.0,0.33,0.33,100.0,0.33,0.67,50.0,0.0
204,Emanuel Matias #11,Bauru,11,3.57,0.82,0.09,0.36,25.0,0.18,0.36,50.0,0.18,0.18,100.0,0.0
205,Dida #41,KTO/Caxias do Sul,7,4.91,0.71,0.0,0.0,0.0,0.29,0.43,66.67,0.14,0.29,50.0,0.0
206,Felipe #11,BRB/Brasília,15,3.77,0.67,0.0,0.33,0.0,0.33,0.53,62.5,0.0,0.27,0.0,0.0
207,Rafael #12,Paulistano,8,2.68,0.63,0.0,0.0,0.0,0.25,0.63,40.0,0.13,0.25,50.0,0.0
208,Felipe #16,Mogi,18,3.47,0.61,0.0,0.0,0.0,0.28,0.83,33.33,0.06,0.06,100.0,0.17
209,Ribeiro #12,Minas,7,4.4,0.57,0.0,0.43,0.0,0.14,0.43,33.33,0.29,0.29,100.0,0.0
210,Cristhyã #41,Flamengo,4,2.33,0.5,0.0,0.0,0.0,0.25,0.5,50.0,0.0,0.0,0.0,0.0
211,L. Muller #10,VipTech CMB,4,8.66,0.5,0.0,0.5,0.0,0.0,0.5,0.0,0.5,1.5,33.33,0.0
212,Buiú #14,Paulistano,12,3.08,0.5,0.17,0.5,33.33,0.0,0.5,0.0,0.0,0.17,0.0,0.0
213,Beto #5,Paulistano,24,3.91,0.42,0.08,0.63,13.33,0.08,0.29,28.57,0.0,0.08,0.0,0.0
214,Lukas Josuel #12,Bauru,5,1.91,0.4,0.0,0.0,0.0,0.2,0.6,33.33,0.0,0.0,0.0,0.2
215,Rapha #1,VipTech CMB,13,2.4,0.31,0.0,0.23,0.0,0.08,0.31,25.0,0.15,0.31,50.0,0.0
216,Vitor #7,Sesi Franca,7,2.08,0.29,0.0,0.57,0.0,0.14,0.29,50.0,0.0,0.0,0.0,0.0
217,P. Costa #1,BRB/Brasília,1,1.12,0.0,0.0,0.0,0.0,0.0,1.0,0.0,0.0,0.0,0.0,0.0
218,Daniel #0,Paulistano,1,3.3,0.0,0.0,0.0,0.0,0.0,1.0,0.0,0.0,0.0,0.0,0.0
219,C. Gonçalves #21,São Paulo,1,0.13,0.0,0.0,0.0,0.0,0.0,0.0,0.0,0.0,0.0,0.0,0.0
220,Du Klafke #14,Sesi Franca,1,1.53,0.0,0.0,1.0,0.0,0.0,0.0,0.0,0.0,0.0,0.0,0.0
221,Reynan #29,Sesi Franca,1,0.28,0.0,0.0,0.0,0.0,0.0,0.0,0.0,0.0,0.0,0.0,0.0
222,P. Barros #21,BRB/Brasília,1,1.12,0.0,0.0,0.0,0.0,0.0,1.0,0.0,0.0,0.0,0.0,0.0
223,Cestari #22,Corinthians,2,0.55,0.0,0.0,0.5,0.0,0.0,0.0,0.0,0.0,0.0,0.0,0.0
224,Ziggy #14,Mogi,2,4.38,0.0,0.0,0.5,0.0,0.0,0.0,0.0,0.0,1.0,0.0,0.0
225,Victorino #21,Paulistano,2,1.65,0.0,0.0,0.0,0.0,0.0,0.5,0.0,0.0,0.0,0.0,0.0
226,Duarte #17,Cerrado Basquete,2,3.35,0.0,0.0,0.5,0.0,0.0,0.0,0.0,0.0,0.0,0.0,0.0
227,Wander Broock #26,VipTech CMB,3,1.04,0.0,0.0,0.0,0.0,0.0,0.33,0.0,0.0,0.0,0.0,0.0
228,Cadu #10,BRB/Brasília,3,0.96,0.0,0.0,0.0,0.0,0.0,0.0,0.0,0.0,0.0,0.0,0.0
229,Victor #3,Corinthians,3,1.02,0.0,0.0,0.0,0.0,0.0,0.0,0.0,0.0,0.0,0.0,0.0
230,Elvis F. #17,Pinheiros,3,1.04,0.0,0.0,0.0,0.0,0.0,0.0,0.0,0.0,0.0,0.0,0.0
231,Marco #10,KTO/Caxias do Sul,3,0.27,0.0,0.0,0.0,0.0,0.0,0.0,0.0,0.0,0.0,0.0,0.0
232,Léo Abreu #13,Sesi Franca,3,1.09,0.0,0.0,0.0,0.0,0.0,0.33,0.0,0.0,0.0,0.0,0.0
233,Pedro Silva #6,Mogi,4,2.2,0.0,0.0,0.0,0.0,0.0,0.25,0.0,0.0,0.0,0.0,0.0
234,Murilo #5,Pato Basquete,4,4.33,0.0,0.0,0.25,0.0,0.0,0.25,0.0,0.0,0.0,0.0,0.0
