Jogador,Equipe,JO,Min,PTS,3PC,3PT,3P%,2PC,2PT,2P%,LLC,LLT,LL%,EN,AS,ER,IA%,BR,B/E,Pts,3P,2P,LL,EF,RT,TO,DD,TD,ET,VI,RO,RD,FC,T/FC,Posicao,camisa
Lucas Dias,Sesi Franca,32,33.78,22.75,1.81,4.94,36.71,5.72,10.72,53.35,5.88,7.16,82.1,0.31,2.5,1.91,1.31,1.13,0.59,22.75,5.44,11.44,5.88,20.53,4.81,0.66,0.06,0.0,1.91,0.16,1.66,3.16,2.25,0.29,Ala/Pivô,#9
Holloway,Fortaleza B. C.,24,33.49,20.25,1.46,4.5,32.41,5.38,10.17,52.87,5.13,6.83,75.0,0.08,2.75,2.83,0.97,1.67,0.59,20.25,4.38,10.75,5.13,18.71,6.13,0.29,0.13,0.0,2.83,0.42,1.83,4.29,2.75,0.11,Ala,#1
Lucas Mariano,São Paulo,30,29.09,19.63,1.9,5.6,33.93,5.77,9.33,61.79,2.4,3.07,78.26,1.17,0.97,1.7,0.57,0.83,0.49,19.63,5.7,11.53,2.4,19.57,6.8,0.97,0.27,0.0,1.7,0.27,2.33,4.47,2.13,0.45,Pivô,#28
Fuller,Corinthians,31,32.99,19.1,2.77,7.13,38.91,3.19,7.03,45.41,4.39,5.13,85.53,0.0,2.55,1.9,1.34,0.81,0.42,19.1,8.32,6.39,4.39,14.26,2.65,0.0,0.0,0.0,1.9,0.16,0.45,2.19,1.94,0.0,Ala/Armador,#2
Yeager,BRB/Brasília,16,31.82,18.94,2.0,5.25,38.1,4.75,8.75,54.29,3.44,4.38,78.57,0.06,3.56,2.25,1.58,1.31,0.58,18.94,6.0,9.5,3.44,18.75,5.06,0.31,0.13,0.0,2.25,0.13,1.25,3.81,2.06,0.15,Ala,#3
Cook,VipTech CMB,23,30.72,18.7,3.09,7.35,42.01,2.83,6.48,43.62,3.78,4.74,79.82,0.04,2.17,2.48,0.88,0.83,0.33,18.7,9.26,5.65,3.78,13.26,2.78,0.13,0.0,0.0,2.48,0.35,0.39,2.39,2.61,0.05,Ala/Armador,#55
I. Thornton,Pato Basquete,28,31.7,15.82,2.0,5.93,33.73,3.46,8.54,40.59,2.89,4.18,69.23,0.0,2.21,1.18,1.88,0.86,0.73,15.82,6.0,6.93,2.89,11.04,3.57,0.04,0.0,0.0,1.18,0.04,1.39,2.18,1.43,0.03,Ala/Armador,#0
Georginho,São Paulo,30,32.77,15.77,1.63,4.03,40.5,3.4,5.97,56.98,4.07,4.77,85.31,0.53,6.23,2.4,2.6,1.83,0.76,15.77,4.9,6.8,4.07,24.73,8.13,0.83,0.5,0.17,2.4,0.2,1.03,7.1,2.07,0.4,Armador,#14
Wesley,Mogi,35,29.02,15.34,1.43,4.2,34.01,4.49,6.94,64.61,2.09,2.94,70.87,0.46,1.89,1.83,1.03,0.91,0.5,15.34,4.29,8.97,2.09,17.29,6.31,0.74,0.17,0.0,1.83,0.17,1.97,4.34,2.97,0.25,Pivô,#21
Fuller,Cerrado Basquete,13,31.74,15.23,1.08,4.23,25.45,3.77,8.54,44.14,4.46,5.23,85.29,0.23,3.23,2.15,1.5,0.62,0.29,15.23,3.23,7.54,4.46,12.54,4.15,0.15,0.0,0.0,2.15,0.15,1.0,3.15,1.31,0.12,Ala/Armador,#14
Shamell,São Paulo,29,29.79,15.14,2.55,5.83,43.79,2.52,4.62,54.48,2.45,2.79,87.65,0.0,3.03,2.0,1.52,0.93,0.47,15.14,7.66,5.03,2.45,14.76,3.31,0.07,0.0,0.0,2.0,0.17,0.66,2.66,1.52,0.05,Ala,#8
Alex Garcia,Bauru,34,31.36,14.85,1.71,5.0,34.12,3.41,5.71,59.79,2.91,4.0,72.79,0.06,3.79,2.29,1.65,1.29,0.56,14.85,5.12,6.82,2.91,15.38,4.29,0.12,0.0,0.0,2.29,0.18,0.59,3.71,2.94,0.04,Ala,#10
Brite,Fortaleza B. C.,26,29.39,14.54,1.62,4.5,35.9,3.88,7.12,54.59,1.92,2.38,80.65,0.04,3.38,2.0,1.69,2.23,1.12,14.54,4.85,7.77,1.92,14.0,2.31,0.12,0.0,0.0,2.0,0.35,0.42,1.88,2.58,0.04,Armador,#3
Coleman,Mogi,28,29.37,14.0,2.75,7.57,36.32,2.04,4.43,45.97,1.68,2.0,83.93,0.18,1.18,1.79,0.66,0.75,0.42,14.0,8.25,4.07,1.68,9.79,3.07,0.11,0.0,0.0,1.79,0.25,0.46,2.61,2.71,0.04,Ala,#9
Gui Deodato,Bauru,34,32.68,13.97,1.97,6.03,32.68,3.03,5.68,53.37,2.0,2.5,80.0,0.38,2.38,1.32,1.8,1.56,1.18,13.97,5.91,6.06,2.0,15.0,5.29,0.32,0.03,0.0,1.32,0.24,1.12,4.18,2.24,0.14,Ala,#1
Pierotti,VipTech CMB,20,31.97,13.95,2.05,7.0,29.29,2.6,6.1,42.62,2.6,3.5,74.29,0.0,4.9,2.25,2.18,0.8,0.36,13.95,6.15,5.2,2.6,12.15,4.05,0.05,0.0,0.0,2.25,0.25,0.75,3.3,1.8,0.03,Armador,#4
David Jackson,Minas,27,28.77,13.89,1.81,3.89,46.67,2.74,5.04,54.41,2.96,3.26,90.91,0.0,3.33,0.81,4.09,0.89,1.09,13.89,5.44,5.48,2.96,16.15,3.41,0.11,0.0,0.0,0.81,0.04,0.59,2.81,1.3,0.09,Ala,#32
Wiggins,Cerrado Basquete,15,24.6,13.67,0.87,3.8,22.81,3.47,8.13,42.62,4.13,5.0,82.67,0.33,0.73,1.8,0.41,0.6,0.33,13.67,2.6,6.93,4.13,7.87,2.87,0.27,0.0,0.0,1.8,0.27,0.53,2.33,1.07,0.25,Ala,#15
Marquinhos,Flamengo,26,24.13,13.38,1.81,5.27,34.31,2.58,4.81,53.6,2.81,3.65,76.84,0.12,2.35,1.54,1.53,0.62,0.4,13.38,5.42,5.15,2.81,13.12,4.73,0.12,0.0,0.0,1.54,0.12,0.85,3.88,1.19,0.1,Ala,#11
Johnson Sr,Minas,30,26.5,13.37,1.63,4.37,37.4,2.8,4.73,59.15,2.87,3.83,74.78,0.1,3.33,1.4,2.38,0.8,0.57,13.37,4.9,5.6,2.87,14.33,3.6,0.27,0.03,0.0,1.4,0.27,0.57,3.03,2.47,0.11,Ala,#22
Antonio,KTO/Caxias do Sul,32,30.81,13.25,1.34,3.63,37.07,3.28,5.72,57.38,2.66,3.38,78.7,0.13,1.88,1.16,1.62,0.97,0.84,13.25,4.03,6.56,2.66,14.75,5.0,0.25,0.03,0.0,1.16,0.13,1.5,3.5,2.78,0.09,Ala/Pivô,#11
Thomas,Paulistano,18,25.2,13.22,1.0,3.11,32.14,4.22,8.11,52.05,1.78,2.5,71.11,0.39,3.0,1.67,1.8,1.5,0.9,13.22,3.0,8.44,1.78,15.44,5.94,0.17,0.11,0.0,1.67,0.17,1.56,4.39,1.67,0.1,Ala/Pivô,#24
Hettsheimeir,Flamengo,32,21.14,13.06,1.88,4.56,41.1,2.44,4.34,56.12,2.56,3.09,82.83,0.16,1.22,1.84,0.66,0.5,0.27,13.06,5.63,4.88,2.56,13.5,5.41,0.28,0.03,0.0,1.84,0.41,1.59,3.81,1.84,0.15,Pivô,#30
Betinho,UNIFACISA,33,26.08,13.0,1.61,4.55,35.33,2.73,5.82,46.88,2.73,3.42,79.65,0.06,3.36,1.88,1.79,1.42,0.76,13.0,4.82,5.45,2.73,12.09,2.76,0.15,0.0,0.0,1.88,0.15,0.3,2.45,2.36,0.06,Ala,#26
Eddy,KTO/Caxias do Sul,31,33.75,12.97,2.61,7.84,33.33,1.94,3.48,55.56,1.26,1.77,70.91,0.19,2.52,1.45,1.73,1.0,0.69,12.97,7.84,3.87,1.26,12.84,4.9,0.19,0.13,0.0,1.45,0.23,1.16,3.74,2.35,0.08,Ala,#33
Alexey Borges,Bauru,29,32.85,12.97,1.9,4.24,44.72,2.72,4.83,56.43,1.83,2.38,76.81,0.0,5.93,1.9,3.13,1.59,0.84,12.97,5.69,5.45,1.83,17.52,3.86,0.07,0.1,0.0,1.9,0.17,0.79,3.07,2.41,0.03,Armador,#8
Cauê,Paulistano,19,27.07,12.89,1.37,4.37,31.33,3.0,5.79,51.82,2.79,3.11,89.83,0.11,3.89,2.84,1.37,1.58,0.56,12.89,4.11,6.0,2.79,12.42,2.68,0.32,0.0,0.0,2.84,0.26,0.53,2.16,1.53,0.21,Ala/Armador,#8
Tyrone Curnell,Bauru,35,28.26,12.86,1.43,4.69,30.49,3.17,5.51,57.51,2.23,2.86,78.0,0.14,1.69,1.8,0.94,0.97,0.54,12.86,4.29,6.34,2.23,13.4,5.51,0.4,0.06,0.0,1.8,0.2,1.43,4.09,3.14,0.13,Pivô,#0
Coelho,Cerrado Basquete,15,26.07,12.47,1.2,3.2,37.5,3.2,5.33,60.0,2.47,4.27,57.81,0.07,4.6,2.53,1.82,1.33,0.53,12.47,3.6,6.4,2.47,12.73,2.73,0.07,0.07,0.0,2.53,0.13,0.6,2.13,2.33,0.03,Armador,#10
Fúlvio,Mogi,32,30.11,12.44,1.84,4.88,37.82,1.56,3.38,46.3,3.78,4.06,93.08,0.0,8.91,3.84,2.32,1.25,0.33,12.44,5.53,3.13,3.78,18.03,4.34,0.06,0.34,0.0,3.84,0.22,0.69,3.66,1.81,0.03,Armador,#2
Green,Sesi Franca,17,24.85,12.41,0.53,1.53,34.62,4.47,7.12,62.81,1.88,2.29,82.05,0.18,2.0,1.35,1.48,0.76,0.57,12.41,1.59,8.94,1.88,12.65,2.82,0.06,0.0,0.0,1.35,0.18,0.35,2.47,2.06,0.03,Ala,#44
Olivinha,Flamengo,26,21.39,12.38,1.42,3.12,45.68,3.0,5.35,56.12,2.12,2.85,74.32,0.04,1.65,1.04,1.59,0.73,0.7,12.38,4.27,6.0,2.12,16.5,7.23,0.31,0.15,0.0,1.04,0.12,2.38,4.85,1.31,0.24,Ala/Pivô,#16
Chuzito,Flamengo,27,24.32,12.3,2.22,5.85,37.97,1.63,3.37,48.35,2.37,2.52,94.12,0.04,2.0,1.44,1.38,0.93,0.64,12.3,6.67,3.26,2.37,10.59,2.3,0.04,0.0,0.0,1.44,0.11,0.56,1.74,1.59,0.02,Ala/Armador,#8
Batista,Minas,32,22.65,12.09,0.19,0.47,40.0,4.81,8.5,56.62,1.91,2.41,79.22,0.0,1.69,2.03,0.83,0.28,0.14,12.09,0.56,9.63,1.91,13.97,5.94,0.47,0.09,0.0,2.03,0.25,1.97,3.97,1.81,0.26,Pivô,#13
André Goes,Sesi Franca,33,30.67,12.06,1.67,5.09,32.74,2.36,4.55,52.0,2.33,2.64,88.51,0.0,4.15,1.55,2.69,1.36,0.88,12.06,5.0,4.73,2.33,15.21,4.94,0.15,0.0,0.0,1.55,0.06,0.61,4.33,2.76,0.05,Ala,#40
Da Silva,KTO/Caxias do Sul,29,23.63,12.03,0.62,2.21,28.13,3.66,6.55,55.79,2.86,3.86,74.11,0.9,0.86,2.07,0.42,0.93,0.45,12.03,1.86,7.31,2.86,11.86,5.38,0.21,0.03,0.0,2.07,0.14,1.62,3.76,1.72,0.12,Ala/Pivô,#7
Fischer,Corinthians,31,25.52,12.0,1.9,4.13,46.09,2.03,4.06,50.0,2.23,2.48,89.61,0.0,4.84,2.23,2.17,1.03,0.46,12.0,5.71,4.06,2.23,14.0,2.87,0.0,0.03,0.0,2.23,0.16,0.42,2.45,2.61,0.0,Armador,#1
Nehemias,UNIFACISA,33,22.65,12.0,1.61,4.27,37.59,2.67,5.48,48.62,1.85,2.42,76.25,0.03,2.36,2.03,1.16,0.91,0.45,12.0,4.82,5.33,1.85,10.82,3.52,0.12,0.0,0.0,2.03,0.36,0.45,3.06,1.76,0.07,Ala,#7
Miller,Corinthians,32,27.28,11.97,1.84,4.19,44.03,2.63,4.16,63.16,1.19,1.41,84.44,0.22,1.84,1.78,1.04,1.06,0.6,11.97,5.53,5.25,1.19,13.97,4.38,0.59,0.03,0.0,1.78,0.22,0.59,3.78,2.28,0.26,Ala,#33
Matheusinho,Pato Basquete,30,25.22,11.83,0.87,3.1,27.96,3.17,6.43,49.22,2.9,4.23,68.5,0.0,4.4,2.57,1.71,1.67,0.65,11.83,2.6,6.33,2.9,12.07,3.47,0.1,0.03,0.0,2.57,0.4,0.67,2.8,2.03,0.05,Armador,#9
Ruivo,Paulistano,33,28.75,11.82,2.42,5.42,44.69,1.48,2.85,52.13,1.58,2.18,72.22,0.0,3.82,1.45,2.63,1.06,0.73,11.82,7.27,2.97,1.58,13.03,2.76,0.0,0.0,0.0,1.45,0.12,0.27,2.48,1.27,0.0,Armador,#4
Gabriel,Pinheiros,30,25.15,11.8,2.23,6.53,34.18,1.53,3.2,47.92,2.03,2.77,73.49,0.03,3.83,2.9,1.32,1.03,0.36,11.8,6.7,3.07,2.03,9.93,2.77,0.1,0.03,0.0,2.9,0.23,0.5,2.27,1.57,0.06,Armador,#2
Paulo,Cerrado Basquete,27,26.87,11.78,1.33,3.44,38.71,3.04,6.7,45.3,1.7,2.19,77.97,0.3,1.19,1.37,0.86,1.3,0.95,11.78,4.0,6.07,1.7,11.56,4.74,0.19,0.11,0.0,1.37,0.11,1.63,3.11,1.93,0.1,Ala/Armador,#7
Laster,BRB/Brasília,28,28.02,11.71,2.14,6.04,35.5,1.86,4.25,43.7,1.57,2.07,75.86,0.25,0.96,1.07,0.9,0.68,0.63,11.71,6.43,3.71,1.57,10.14,4.5,0.14,0.0,0.0,1.07,0.14,1.46,3.04,2.04,0.07,Ala,#14
Felipe,Fortaleza B. C.,20,27.35,11.6,1.6,5.15,31.07,2.3,4.85,47.42,2.2,3.0,73.33,0.1,1.1,0.9,1.22,1.1,1.22,11.6,4.8,4.6,2.2,11.55,5.35,0.2,0.1,0.0,0.9,0.1,1.4,3.95,2.6,0.08,Ala/Pivô,#33
Siewert,Corinthians,26,25.61,11.5,1.77,5.0,35.38,2.54,5.19,48.89,1.12,1.31,85.29,0.0,0.92,0.92,1.0,0.54,0.58,11.5,5.31,5.08,1.12,12.0,5.5,0.54,0.08,0.0,0.92,0.12,1.88,3.62,2.15,0.25,Ala/Pivô,#25
Pedro Teruel,KTO/Caxias do Sul,32,28.09,11.47,1.13,3.69,30.51,3.0,6.69,44.86,2.09,3.0,69.79,0.0,3.13,1.84,1.69,0.59,0.32,11.47,3.38,6.0,2.09,8.88,2.63,0.06,0.0,0.0,1.84,0.31,0.5,2.13,2.81,0.02,Ala,#12
Zach Graham,Bauru,20,27.9,11.1,1.55,4.45,34.83,2.5,5.15,48.54,1.45,1.85,78.38,0.0,1.1,1.2,0.92,0.6,0.5,11.1,4.65,5.0,1.45,8.85,2.95,0.25,0.0,0.0,1.2,0.4,0.35,2.6,1.8,0.14,Ala,#32
Du Sommer,Paulistano,13,24.7,11.08,0.77,3.23,23.81,3.38,6.0,56.41,2.0,3.38,59.09,0.23,1.15,0.92,1.25,0.92,1.0,11.08,2.31,6.77,2.0,10.54,4.46,0.31,0.0,0.0,0.92,0.15,1.38,3.08,3.0,0.1,Pivô,#17
Nico,KTO/Caxias do Sul,25,31.02,11.04,1.48,3.32,44.58,2.4,5.12,46.88,1.8,2.08,86.54,0.0,3.72,1.48,2.51,0.48,0.32,11.04,4.44,4.8,1.8,11.36,2.36,0.08,0.0,0.0,1.48,0.12,0.32,2.04,2.2,0.04,Armador,#22
Parodi,Minas,22,21.94,10.91,1.55,4.14,37.36,2.36,5.14,46.02,1.55,2.0,77.27,0.0,4.59,2.23,2.06,1.41,0.63,10.91,4.64,4.73,1.55,11.86,2.95,0.05,0.0,0.0,2.23,0.18,0.73,2.23,1.82,0.03,Armador,#21
Bennett,São Paulo,31,30.64,10.87,0.81,1.52,53.19,3.55,5.19,68.32,1.35,1.94,70.0,0.06,3.26,1.29,2.53,1.29,1.0,10.87,2.42,7.1,1.35,13.94,2.71,0.03,0.0,0.0,1.29,0.16,0.81,1.9,1.9,0.02,Ala,#3
Yago,Flamengo,31,24.82,10.77,1.94,5.23,37.04,1.48,2.45,60.53,2.0,2.52,79.49,0.0,5.68,1.48,3.83,0.94,0.63,10.77,5.81,2.97,2.0,14.16,3.0,0.03,0.03,0.0,1.48,0.19,0.26,2.74,2.0,0.02,Armador,#2
Barnes,UNIFACISA,31,21.51,10.74,1.55,4.48,34.53,2.61,4.61,56.64,0.87,1.1,79.41,0.0,1.9,1.19,1.59,0.58,0.49,10.74,4.65,5.23,0.87,7.97,1.1,0.0,0.0,0.0,1.19,0.23,0.13,0.97,1.94,0.0,Armador,#34
Fuzaro,Sesi Franca,34,27.15,10.71,0.82,2.5,32.94,3.15,5.71,55.15,1.94,2.29,84.62,0.35,1.85,1.82,1.02,1.06,0.58,10.71,2.47,6.29,1.94,10.65,3.24,0.21,0.0,0.0,1.82,0.26,0.44,2.79,2.32,0.09,Ala,#6
Nesbitt,Minas,29,25.94,10.69,1.66,3.59,46.15,1.86,3.76,49.54,2.0,2.52,79.45,0.48,1.69,1.21,1.4,0.86,0.71,10.69,4.97,3.72,2.0,13.69,5.69,0.31,0.07,0.0,1.21,0.1,1.66,4.03,2.86,0.11,Ala/Pivô,#25
Humberto,Pinheiros,26,31.63,10.58,1.62,5.19,31.11,1.85,5.0,36.92,2.04,3.23,63.1,0.08,2.54,2.92,0.87,1.04,0.36,10.58,4.85,3.69,2.04,7.04,3.35,0.38,0.0,0.0,2.92,0.35,0.54,2.81,3.35,0.11,Ala/Armador,#19
Nezinho,BRB/Brasília,25,26.26,10.32,1.72,6.16,27.92,1.48,3.56,41.57,2.2,3.4,64.71,0.0,4.92,3.76,1.31,1.16,0.31,10.32,5.16,2.96,2.2,7.6,2.68,0.0,0.04,0.0,3.76,0.36,0.36,2.32,2.72,0.0,Armador,#23
Gruber,Mogi,34,21.68,9.88,1.44,4.41,32.67,1.97,4.5,43.79,1.62,2.0,80.88,0.26,1.18,1.44,0.82,0.65,0.45,9.88,4.32,3.94,1.62,9.18,4.09,0.71,0.0,0.0,1.44,0.12,0.97,3.12,2.74,0.26,Pivô,#20
Elinho,Sesi Franca,31,31.48,9.74,1.48,3.39,43.81,2.23,3.97,56.1,0.84,1.16,72.22,0.0,7.03,3.23,2.18,1.06,0.33,9.74,4.45,4.45,0.84,14.97,4.23,0.1,0.13,0.0,3.23,0.19,0.48,3.74,1.84,0.05,Armador,#5
Gemerson,BRB/Brasília,17,26.3,9.59,0.88,3.12,28.3,2.71,5.06,53.49,1.53,2.12,72.22,0.0,1.0,1.76,0.57,0.41,0.23,9.59,2.65,5.41,1.53,9.0,4.94,0.0,0.06,0.0,1.76,0.35,1.06,3.88,2.29,0.0,Ala/Pivô,#6
D. Nunes,Cerrado Basquete,28,27.44,9.57,1.14,3.29,34.78,2.25,4.07,55.26,1.64,2.0,82.14,0.07,1.79,1.0,1.79,0.54,0.54,9.57,3.43,4.5,1.64,11.61,4.79,0.25,0.04,0.0,1.0,0.11,0.75,4.04,1.93,0.13,Ala/Pivô,#24
Rashaun,Fortaleza B. C.,30,23.92,9.53,1.27,4.43,28.57,2.1,4.4,47.73,1.53,2.07,74.19,0.03,1.87,1.27,1.47,0.73,0.58,9.53,3.8,4.2,1.53,7.53,2.53,0.13,0.0,0.0,1.27,0.33,0.5,2.03,1.67,0.08,Ala,#17
Martinez,Flamengo,17,19.08,9.53,2.24,5.18,43.18,1.06,1.76,60.0,0.71,0.82,85.71,0.0,2.12,0.71,3.0,1.24,1.75,9.53,6.71,2.12,0.71,12.12,3.41,0.29,0.0,0.0,0.71,0.06,0.59,2.82,1.88,0.16,Ala,#25
Renan,São Paulo,29,23.5,9.52,1.31,4.03,32.48,1.97,3.72,52.78,1.66,1.86,88.89,0.69,0.9,1.07,0.84,0.62,0.58,9.52,3.93,3.93,1.66,11.0,4.93,0.79,0.1,0.0,1.07,0.14,1.31,3.62,1.79,0.44,Ala/Pivô,#44
Maique,Paulistano,32,24.17,9.5,0.59,1.31,45.24,3.03,5.41,56.07,1.66,2.38,69.74,0.94,0.75,1.19,0.63,0.56,0.47,9.5,1.78,6.06,1.66,13.78,7.16,0.81,0.09,0.0,1.19,0.19,2.25,4.91,2.97,0.27,Pivô,#35
Smith,Sesi Franca,17,24.34,9.47,1.94,3.94,49.25,1.0,2.35,42.5,1.65,1.94,84.85,0.0,2.65,1.59,1.67,0.71,0.44,9.47,5.82,2.0,1.65,9.76,2.18,0.0,0.0,0.0,1.59,0.29,0.06,2.12,2.65,0.0,Ala/Armador,#10
Paranhos,UNIFACISA,25,23.88,9.44,0.0,0.0,0.0,4.2,8.48,49.53,1.04,1.88,55.32,0.24,0.92,2.24,0.41,0.64,0.29,9.44,0.0,8.4,1.04,11.8,7.72,0.44,0.24,0.0,2.24,0.4,2.2,5.52,2.84,0.15,Pivô,#24
Arthur,BRB/Brasília,20,22.87,9.4,0.9,3.05,29.51,2.3,4.55,50.55,2.1,2.45,85.71,0.0,1.05,1.1,0.95,0.8,0.73,9.4,2.7,4.6,2.1,8.2,2.75,0.05,0.0,0.0,1.1,0.3,0.35,2.4,2.7,0.02,Ala,#4
Caio Torres,BRB/Brasília,28,23.42,9.39,0.93,2.86,32.5,2.64,5.11,51.75,1.32,1.82,72.55,0.0,0.79,1.46,0.54,0.39,0.27,9.39,2.79,5.29,1.32,10.39,5.86,0.32,0.11,0.0,1.46,0.07,1.29,4.57,2.04,0.16,Pivô,#13
Buffat,Pinheiros,23,23.39,9.35,1.3,3.61,36.14,1.96,4.43,44.12,1.52,2.0,76.09,0.09,1.91,1.65,1.16,0.7,0.42,9.35,3.91,3.91,1.52,8.65,3.3,0.3,0.0,0.0,1.65,0.39,0.74,2.57,2.26,0.13,Armador,#9
Crescenzi,Cerrado Basquete,30,20.33,9.3,1.43,4.43,32.33,2.07,3.57,57.94,0.87,1.1,78.79,0.0,1.8,1.0,1.8,1.1,1.1,9.3,4.3,4.13,0.87,10.23,3.57,0.2,0.03,0.0,1.0,0.07,0.7,2.87,2.2,0.09,Ala/Armador,#8
Vitão,Paulistano,30,25.01,9.23,1.47,4.27,34.38,1.83,4.37,41.98,1.17,1.47,79.55,0.13,1.1,1.13,0.97,0.7,0.62,9.23,4.4,3.67,1.17,9.83,5.53,0.03,0.03,0.0,1.13,0.37,1.4,4.13,1.9,0.02,Ala/Pivô,#10
Munford,Pinheiros,26,24.06,9.08,0.38,1.65,23.26,3.27,6.58,49.71,1.38,1.73,80.0,0.0,1.0,0.58,1.73,0.77,1.33,9.08,1.15,6.54,1.38,10.54,5.0,0.19,0.08,0.0,0.58,0.0,1.58,3.42,2.0,0.1,Ala,#14
Mathias,Fortaleza B. C.,30,25.63,9.07,0.2,0.8,25.0,3.73,6.03,61.88,1.0,1.63,61.22,0.23,1.0,2.07,0.48,0.63,0.31,9.07,0.6,7.47,1.0,15.77,9.7,0.97,0.27,0.0,2.07,0.33,2.23,7.47,2.73,0.35,Pivô,#12
Deryk,Paulistano,33,25.92,8.94,1.3,4.76,27.39,2.12,4.0,53.03,0.79,1.18,66.67,0.0,4.12,2.21,1.86,1.06,0.48,8.94,3.91,4.24,0.79,9.21,3.0,0.03,0.0,0.0,2.21,0.03,0.7,2.3,1.24,0.02,Ala/Armador,#9
Fabricio,Mogi,35,26.16,8.91,1.66,4.63,35.8,1.46,3.29,44.35,1.03,1.37,75.0,0.0,1.86,0.89,2.1,0.54,0.61,8.91,4.97,2.91,1.03,9.6,4.17,0.14,0.03,0.0,0.89,0.09,1.06,3.11,2.29,0.06,Ala/Pivô,#10
Scheuer,Pato Basquete,32,23.94,8.88,0.47,1.59,29.41,2.75,4.94,55.7,1.97,2.91,67.74,0.59,0.84,1.16,0.73,0.66,0.57,8.88,1.41,5.5,1.97,11.09,5.69,0.44,0.09,0.0,1.16,0.19,1.88,3.81,2.28,0.19,Ala/Pivô,#14
Lucão,VipTech CMB,30,20.23,8.67,0.0,0.0,0.0,4.0,6.87,58.25,0.67,1.37,48.78,0.23,0.97,1.33,0.73,0.2,0.15,8.67,0.0,8.0,0.67,11.17,6.07,0.17,0.07,0.0,1.33,0.23,2.07,4.0,2.33,0.07,Pivô,#31
Arthur,Corinthians,28,22.72,8.64,0.96,2.36,40.91,2.14,4.68,45.8,1.46,1.75,83.67,0.0,1.29,1.25,1.03,0.89,0.71,8.64,2.89,4.29,1.46,11.14,5.54,0.25,0.11,0.0,1.25,0.07,1.43,4.11,2.0,0.13,Ala/Pivô,#36
Mineiro,Flamengo,30,24.38,8.63,1.0,3.1,32.26,2.3,3.93,58.47,1.03,1.67,62.0,0.37,1.87,1.07,1.75,0.8,0.75,8.63,3.0,4.6,1.03,10.63,4.4,0.37,0.0,0.0,1.07,0.1,1.13,3.27,1.67,0.22,Ala/Pivô,#12
G. Basílio,Pinheiros,27,23.0,8.59,1.44,4.15,34.82,1.56,3.74,41.58,1.15,1.44,79.49,0.0,2.04,1.19,1.72,1.0,0.84,8.59,4.33,3.11,1.15,7.3,2.0,0.04,0.0,0.0,1.19,0.26,0.15,1.85,2.44,0.02,Ala,#10
Shilton,KTO/Caxias do Sul,26,29.26,8.54,0.0,0.04,0.0,3.31,5.96,55.48,1.92,3.81,50.51,0.0,1.5,1.77,0.85,0.58,0.33,8.54,0.0,6.62,1.92,12.0,7.58,0.15,0.08,0.0,1.77,0.12,2.23,5.35,3.12,0.05,Pivô,#66
Jimmy,Paulistano,33,25.29,8.52,1.55,4.76,32.48,1.61,3.94,40.77,0.67,0.88,75.86,0.0,1.48,1.09,1.36,0.64,0.58,8.52,4.64,3.21,0.67,6.85,3.03,0.03,0.0,0.0,1.09,0.12,0.97,2.06,2.12,0.01,Ala,#18
Demétrio,Flamengo,30,19.76,8.43,0.97,3.2,30.21,2.27,3.57,63.55,1.0,1.5,66.67,0.57,1.2,0.5,2.4,0.77,1.53,8.43,2.9,4.53,1.0,11.23,4.97,0.4,0.0,0.0,0.5,0.13,1.57,3.4,1.67,0.24,Ala/Pivô,#71
Gabriel Jaú,Bauru,31,19.33,8.42,0.06,0.52,12.5,3.1,5.19,59.63,2.03,3.1,65.63,0.29,0.94,1.65,0.57,0.65,0.39,8.42,0.19,6.19,2.03,11.06,6.03,0.29,0.23,0.0,1.65,0.19,2.13,3.9,3.13,0.09,Ala/Pivô,#25
Davi,Minas,32,24.87,8.41,1.25,3.56,35.09,1.5,3.19,47.06,1.66,2.06,80.3,0.0,3.69,1.91,1.93,0.78,0.41,8.41,3.75,3.0,1.66,9.84,3.22,0.06,0.03,0.0,1.91,0.16,0.41,2.81,2.5,0.03,Armador,#5
Gui Santos,Minas,32,20.94,8.34,0.81,2.09,38.81,2.06,3.88,53.23,1.78,3.0,59.38,0.25,1.63,1.81,0.9,0.59,0.33,8.34,2.44,4.13,1.78,10.72,5.44,0.84,0.06,0.0,1.81,0.31,1.5,3.94,2.63,0.32,Ala,#11
Pastor,UNIFACISA,33,21.27,8.21,1.09,2.82,38.71,1.91,3.33,57.27,1.12,1.52,74.0,0.09,0.91,1.12,0.81,0.82,0.73,8.21,3.27,3.82,1.12,9.79,4.36,0.15,0.06,0.0,1.12,0.09,1.52,2.85,2.12,0.07,Ala/Pivô,#9
Lucas,Pato Basquete,27,22.34,8.15,1.44,4.19,34.51,1.15,3.67,31.31,1.52,1.85,82.0,0.0,3.15,1.78,1.77,0.78,0.44,8.15,4.33,2.3,1.52,6.78,2.07,0.0,0.0,0.0,1.78,0.3,0.74,1.33,2.04,0.0,Armador,#10
Jefferson,São Paulo,29,19.91,8.07,1.52,4.45,34.11,1.07,2.86,37.35,1.38,1.86,74.07,0.03,1.03,1.21,0.86,0.72,0.6,8.07,4.55,2.14,1.38,8.86,5.28,0.17,0.03,0.0,1.21,0.21,0.9,4.38,1.48,0.12,Ala/Pivô,#11
Balbi,Flamengo,25,23.45,8.0,1.52,4.24,35.85,1.12,2.44,45.9,1.2,1.64,73.17,0.0,5.16,1.88,2.74,1.08,0.57,8.0,4.56,2.24,1.2,11.44,3.52,0.04,0.04,0.0,1.88,0.12,0.64,2.88,1.6,0.03,Armador,#6
Rafa,UNIFACISA,33,20.01,7.76,0.36,0.97,37.5,2.7,4.45,60.54,1.27,1.67,76.36,0.15,0.82,0.85,0.96,0.85,1.0,7.76,1.09,5.39,1.27,10.09,4.15,0.12,0.03,0.0,0.85,0.21,1.55,2.61,2.33,0.05,Ala/Pivô,#16
Frierson,VipTech CMB,30,18.95,7.7,1.83,5.23,35.03,0.63,1.5,42.22,0.93,1.27,73.68,0.0,0.9,1.2,0.75,0.5,0.42,7.7,5.5,1.27,0.93,5.0,1.7,0.0,0.0,0.0,1.2,0.33,0.2,1.5,1.57,0.0,Armador,#3
Douglas Santos,Mogi,29,19.68,7.66,0.24,0.93,25.93,2.86,5.0,57.24,1.21,1.66,72.92,0.48,1.34,1.31,1.03,0.69,0.53,7.66,0.72,5.72,1.21,9.52,3.93,0.48,0.0,0.0,1.31,0.21,1.17,2.76,3.21,0.15,Ala/Pivô,#0
Vezaro,UNIFACISA,33,18.98,7.58,1.82,3.88,46.88,0.85,1.82,46.67,0.42,0.42,100.0,0.0,1.18,0.61,1.95,0.85,1.4,7.58,5.45,1.7,0.42,8.58,2.55,0.06,0.0,0.0,0.61,0.09,0.73,1.82,1.76,0.03,Ala,#10
Márcio,Sesi Franca,30,16.56,7.4,0.23,0.53,43.75,2.47,3.9,63.25,1.77,2.8,63.1,0.8,0.43,1.03,0.42,0.5,0.48,7.4,0.7,4.93,1.77,9.37,4.13,0.7,0.03,0.0,1.03,0.13,1.03,3.1,2.67,0.26,Ala/Pivô,#3
Larry Taylor,Bauru,35,22.94,7.31,1.37,3.94,34.78,1.14,2.71,42.11,0.91,0.97,94.12,0.0,2.6,0.71,3.64,0.8,1.12,7.31,4.11,2.29,0.91,8.49,2.66,0.03,0.0,0.0,0.71,0.09,0.54,2.11,1.31,0.02,Armador,#4
Diego,Bauru,34,19.89,7.24,1.29,2.88,44.9,1.18,2.5,47.06,1.0,1.38,72.34,0.12,1.41,1.26,1.12,0.82,0.65,7.24,3.88,2.35,1.0,9.59,4.09,0.59,0.06,0.0,1.26,0.21,1.03,3.06,2.71,0.22,Ala/Pivô,#15
Gui Abreu,Sesi Franca,30,18.88,7.23,1.07,2.8,38.1,1.5,2.67,56.25,1.03,1.4,73.81,0.37,1.0,0.37,2.73,0.87,2.36,7.23,3.2,3.0,1.03,9.33,3.6,0.27,0.0,0.0,0.37,0.07,1.17,2.43,1.87,0.14,Ala/Pivô,#33
Augusto,Pato Basquete,25,21.44,7.2,1.24,4.44,27.93,1.28,2.68,47.76,0.92,1.44,63.89,0.0,1.76,1.24,1.42,1.08,0.87,7.2,3.72,2.56,0.92,5.72,2.0,0.04,0.0,0.0,1.24,0.2,0.32,1.68,2.48,0.02,Armador,#55
Renato,Corinthians,27,23.73,7.15,0.81,1.93,42.31,1.85,4.3,43.1,1.0,1.67,60.0,0.3,1.41,1.48,0.95,0.48,0.33,7.15,2.44,3.7,1.0,7.74,4.04,0.37,0.0,0.0,1.48,0.04,1.56,2.48,2.33,0.16,Pivô,#15
M. Pajé,VipTech CMB,30,22.68,7.1,0.87,3.0,28.89,1.9,3.73,50.89,0.7,1.17,60.0,0.07,1.93,0.73,2.64,0.77,1.05,7.1,2.6,3.8,0.7,9.97,5.0,0.33,0.0,0.0,0.73,0.0,1.77,3.23,1.7,0.2,Ala/Pivô,#25
João Vitor,UNIFACISA,13,18.24,7.08,0.0,0.08,0.0,2.69,5.77,46.67,1.69,3.23,52.38,0.46,0.69,1.62,0.43,0.31,0.19,7.08,0.0,5.38,1.69,8.0,4.85,1.38,0.08,0.0,1.62,0.15,1.92,2.92,2.31,0.6,Pivô,#0
Sena,Pinheiros,21,15.12,7.0,0.67,2.24,29.79,1.33,3.29,40.58,2.33,2.71,85.96,0.0,1.43,1.0,1.43,0.86,0.86,7.0,2.0,2.67,2.33,5.95,1.57,0.0,0.0,0.0,1.0,0.14,0.48,1.1,1.05,0.0,Ala/Armador,#7
Sualisson,Fortaleza B. C.,29,24.97,7.0,0.45,1.62,27.66,2.48,5.0,49.66,0.69,1.59,43.48,0.17,1.0,1.62,0.62,0.9,0.55,7.0,1.34,4.97,0.69,8.66,5.1,0.86,0.0,0.0,1.62,0.21,1.66,3.45,2.83,0.3,Ala/Pivô,#14
Dawkins,São Paulo,30,17.7,7.0,1.07,2.57,41.56,1.4,2.63,53.16,1.0,1.33,75.0,0.0,2.3,0.87,2.65,0.9,1.04,7.0,3.2,2.8,1.0,8.1,1.8,0.03,0.0,0.0,0.87,0.13,0.27,1.53,1.27,0.03,Armador,#10
Leal,Pato Basquete,32,18.7,7.0,0.03,0.09,33.33,2.75,5.5,50.0,1.41,2.47,56.96,0.28,0.53,1.34,0.4,0.5,0.37,7.0,0.09,5.5,1.41,7.63,4.41,0.41,0.0,0.0,1.34,0.19,1.28,3.13,3.31,0.12,Pivô,#2
P. Rava,BRB/Brasília,24,23.08,6.88,0.5,1.5,33.33,1.42,3.21,44.16,2.54,3.29,77.22,0.0,2.67,1.17,2.29,0.75,0.64,6.88,1.5,2.83,2.54,8.46,2.79,0.08,0.0,0.0,1.17,0.08,0.42,2.38,1.75,0.05,Armador,#7
Servelin,Pato Basquete,29,19.62,6.86,0.9,2.14,41.94,1.62,3.24,50.0,0.93,1.21,77.14,0.0,0.79,0.86,0.92,0.76,0.88,6.86,2.69,3.24,0.93,6.76,2.24,0.1,0.0,0.0,0.86,0.14,0.52,1.72,2.17,0.05,Ala,#3
Pedro,KTO/Caxias do Sul,32,21.34,6.84,1.06,3.16,33.66,1.22,2.69,45.35,1.22,1.56,78.0,0.0,2.0,1.5,1.33,0.78,0.52,6.84,3.19,2.44,1.22,7.28,2.84,0.22,0.0,0.0,1.5,0.38,0.44,2.41,2.94,0.07,Ala,#9
Funches III,Pato Basquete,29,24.03,6.72,0.83,2.34,35.29,1.31,3.1,42.22,1.62,2.55,63.51,0.1,1.14,2.0,0.57,0.83,0.41,6.72,2.48,2.62,1.62,9.28,6.34,0.48,0.1,0.0,2.0,0.24,0.97,5.38,3.17,0.15,Ala/Pivô,#1
Castellon,VipTech CMB,29,19.6,6.72,1.38,4.31,32.0,0.83,2.21,37.5,0.93,1.14,81.82,0.03,0.38,0.66,0.58,0.69,1.05,6.72,4.14,1.66,0.93,5.72,3.03,0.07,0.03,0.0,0.66,0.1,0.48,2.55,1.48,0.05,Ala,#8
T. Faria,Pinheiros,6,15.14,6.67,0.83,2.33,35.71,1.5,3.17,47.37,1.17,1.17,100.0,0.0,0.83,0.5,1.67,0.5,1.0,6.67,2.5,3.0,1.17,5.17,0.83,0.0,0.0,0.0,0.5,0.17,0.0,0.83,0.33,0.0,Armador,#1
Schneider,Fortaleza B. C.,23,16.22,6.61,1.35,4.96,27.19,1.0,1.91,52.27,0.57,0.96,59.09,0.04,0.65,0.61,1.07,0.57,0.93,6.61,4.04,2.0,0.57,3.91,1.61,0.0,0.0,0.0,0.61,0.17,0.52,1.09,1.83,0.0,Ala,#18
Luizinho,VipTech CMB,30,19.61,6.6,0.0,0.4,0.0,3.13,6.03,51.93,0.33,1.4,23.81,0.3,1.5,1.8,0.83,0.63,0.35,6.6,0.0,6.27,0.33,6.53,3.77,0.2,0.0,0.0,1.8,0.3,1.17,2.6,1.6,0.13,Ala,#11
Ronald,Minas,24,17.06,6.58,0.0,0.08,0.0,2.67,4.08,65.31,1.25,2.17,57.69,0.17,0.5,1.17,0.43,0.38,0.32,6.58,0.0,5.33,1.25,8.71,4.42,0.42,0.0,0.0,1.17,0.21,1.54,2.88,2.88,0.14,Pivô,#6
Hubner,Sesi Franca,35,18.22,6.54,0.89,2.29,38.75,1.69,3.54,47.58,0.51,0.71,72.0,0.26,0.63,0.66,0.96,0.43,0.65,6.54,2.66,3.37,0.51,9.09,5.37,0.23,0.09,0.0,0.66,0.03,1.14,4.23,2.23,0.1,Pivô,#77
Teichmann,Pinheiros,27,27.05,6.52,0.0,0.07,0.0,2.89,5.04,57.35,0.74,1.7,43.48,0.3,3.63,2.15,1.69,1.85,0.86,6.52,0.0,5.78,0.74,16.37,8.81,0.89,0.11,0.0,2.15,0.07,2.04,6.78,2.78,0.32,Pivô,#11
Jefferson,BRB/Brasília,25,18.98,6.4,1.36,4.28,31.78,0.84,1.6,52.5,0.64,0.76,84.21,0.0,1.92,1.76,1.09,0.52,0.3,6.4,4.08,1.68,0.64,4.56,1.24,0.04,0.0,0.0,1.76,0.04,0.12,1.12,1.28,0.03,Ala/Armador,#0
Isaac,São Paulo,24,16.3,6.38,1.33,2.83,47.06,0.83,1.21,68.97,0.71,0.88,80.95,0.17,0.88,0.25,3.5,0.58,2.33,6.38,4.0,1.67,0.71,7.46,1.88,0.04,0.0,0.0,0.25,0.08,0.42,1.46,1.83,0.02,Ala,#7
Sahdi,UNIFACISA,15,19.11,6.2,1.27,4.13,30.65,0.67,1.93,34.48,1.07,1.13,94.12,0.0,4.6,2.2,2.09,0.93,0.42,6.2,3.8,1.33,1.07,7.53,2.2,0.0,0.0,0.0,2.2,0.13,0.13,2.07,2.0,0.0,Armador,#32
Von Haydin,Cerrado Basquete,29,17.51,6.1,1.14,3.45,33.0,1.14,2.52,45.21,0.41,0.62,66.67,0.0,1.0,0.86,1.16,0.59,0.68,6.1,3.41,2.28,0.41,5.48,2.52,0.03,0.0,0.0,0.86,0.17,0.59,1.93,1.52,0.02,Ala/Armador,#30
Queiros,Minas,32,16.34,6.06,1.31,3.22,40.78,0.84,1.78,47.37,0.44,0.56,77.78,0.13,0.75,0.91,0.83,0.41,0.45,6.06,3.94,1.69,0.44,6.09,2.75,0.0,0.0,0.0,0.91,0.22,0.63,2.13,1.56,0.0,Ala/Pivô,#3
Lessa,Mogi,35,22.86,5.94,0.51,1.86,27.69,1.86,3.06,60.75,0.69,1.0,68.57,0.0,2.26,1.63,1.39,1.26,0.77,5.94,1.54,3.71,0.69,7.8,2.83,0.0,0.0,0.0,1.63,0.31,0.71,2.11,2.71,0.0,Ala/Armador,#32
L. Cauê,Corinthians,32,14.98,5.91,0.0,0.09,0.0,2.47,3.97,62.2,0.97,1.56,62.0,0.72,0.66,1.34,0.49,0.19,0.14,5.91,0.0,4.94,0.97,7.81,4.16,0.44,0.03,0.0,1.34,0.25,1.22,2.94,2.47,0.18,Pivô,#23
Mogi,Mogi,28,17.42,5.75,0.32,1.82,17.65,2.04,3.79,53.77,0.71,1.07,66.67,0.25,1.39,0.86,1.63,0.46,0.54,5.75,0.96,4.07,0.71,7.18,3.89,0.14,0.04,0.0,0.86,0.14,1.39,2.5,1.39,0.1,Ala,#19
Lucas Lima,Cerrado Basquete,30,20.99,5.73,0.73,2.47,29.73,1.4,3.3,42.42,0.73,1.03,70.97,0.0,2.1,1.03,2.03,1.07,1.03,5.73,2.2,2.8,0.73,6.4,2.37,0.1,0.0,0.0,1.03,0.1,0.7,1.67,2.13,0.05,Armador,#4
Cauê,Fortaleza B. C.,26,24.07,5.65,1.0,3.0,33.33,1.0,2.12,47.27,0.65,0.92,70.83,0.0,2.65,1.08,2.46,0.88,0.82,5.65,3.0,2.0,0.65,7.88,2.88,0.27,0.0,0.0,1.08,0.04,0.42,2.46,2.58,0.1,Armador,#8
W. Sena,Pinheiros,26,14.21,5.58,0.19,0.81,23.81,2.19,5.58,39.31,0.62,1.08,57.14,0.23,0.46,0.85,0.55,0.31,0.36,5.58,0.58,4.38,0.62,4.46,3.35,0.08,0.0,0.0,0.85,0.08,1.5,1.85,1.69,0.05,Pivô,#21
Figueroa,VipTech CMB,23,25.9,5.43,0.7,3.13,22.22,1.22,2.26,53.85,0.91,1.35,67.74,0.0,5.3,1.83,2.9,1.0,0.55,5.43,2.09,2.43,0.91,8.52,2.39,0.13,0.04,0.0,1.83,0.0,0.74,1.65,2.43,0.05,Armador,#33
Pecos,UNIFACISA,33,18.38,5.42,0.55,2.0,27.27,1.45,3.18,45.71,0.88,1.21,72.5,0.0,3.24,1.12,2.89,0.85,0.76,5.42,1.64,2.91,0.88,7.39,2.48,0.03,0.0,0.0,1.12,0.15,0.61,1.88,1.0,0.03,Armador,#23
B. Fiorotto,Cerrado Basquete,16,15.74,5.31,0.13,0.13,100.0,2.19,3.88,56.45,0.56,1.38,40.91,0.0,1.5,1.5,1.0,0.19,0.13,5.31,0.38,4.38,0.56,6.75,3.75,0.0,0.0,0.0,1.5,0.06,0.88,2.88,2.0,0.0,Pivô,#21
Leonardo,UNIFACISA,12,13.88,5.25,0.0,0.0,0.0,2.33,3.33,70.0,0.58,0.92,63.64,0.5,0.5,0.83,0.6,0.58,0.7,5.25,0.0,4.67,0.58,8.67,3.67,0.83,0.0,0.0,0.83,0.0,1.0,2.67,3.0,0.28,Pivô,#21
Rafa Moreira,Minas,28,14.85,5.25,1.43,2.93,48.78,0.32,0.89,36.0,0.32,0.43,75.0,0.0,0.68,0.75,0.9,0.36,0.48,5.25,4.29,0.64,0.32,5.46,1.96,0.14,0.0,0.0,0.75,0.11,0.57,1.39,2.64,0.05,Ala,#9
Magna,VipTech CMB,30,14.03,4.9,1.0,2.73,36.59,0.87,2.13,40.63,0.17,0.2,83.33,0.0,0.93,0.7,1.33,0.2,0.29,4.9,3.0,1.73,0.17,4.4,2.0,0.1,0.0,0.0,0.7,0.03,0.5,1.5,1.87,0.05,Ala/Pivô,#19
Marcelão,BRB/Brasília,30,16.99,4.83,0.0,0.07,0.0,2.1,4.3,48.84,0.63,1.27,50.0,0.1,0.63,1.33,0.48,0.33,0.25,4.83,0.0,4.2,0.63,6.6,4.83,0.2,0.1,0.0,1.33,0.23,1.67,3.17,2.53,0.08,Pivô,#5
Alex,Fortaleza B. C.,26,18.78,4.69,0.73,2.96,24.68,0.88,2.38,37.1,0.73,1.12,65.52,0.12,0.77,0.77,1.0,0.42,0.55,4.69,2.19,1.77,0.73,3.38,2.31,0.08,0.0,0.0,0.77,0.12,0.65,1.65,2.0,0.04,Ala/Pivô,#10
Gerson,São Paulo,25,13.44,4.64,0.04,0.08,50.0,1.88,3.64,51.65,0.76,1.0,76.0,0.36,0.12,0.4,0.3,0.44,1.1,4.64,0.12,3.76,0.76,5.8,2.72,0.32,0.0,0.0,0.4,0.04,1.24,1.48,2.04,0.16,Pivô,#1
Barbosa,Paulistano,29,17.2,4.62,0.48,2.52,19.18,1.17,2.86,40.96,0.83,1.52,54.55,0.17,1.14,0.59,1.94,0.66,1.12,4.62,1.45,2.34,0.83,6.9,5.34,0.14,0.07,0.0,0.59,0.28,1.79,3.55,2.03,0.07,Ala,#32
Dikembe,Bauru,35,13.64,4.46,0.0,0.0,0.0,1.89,3.49,54.1,0.69,1.83,37.5,0.57,0.26,0.83,0.31,0.63,0.76,4.46,0.0,3.77,0.69,5.09,3.03,0.29,0.0,0.0,0.83,0.14,1.14,1.89,1.71,0.17,Pivô,#20
Pedro Nunes,Flamengo,29,14.53,4.38,0.52,2.14,24.19,0.86,2.03,42.37,1.1,1.79,61.54,0.0,1.24,0.52,2.4,0.59,1.13,4.38,1.55,1.72,1.1,4.79,2.52,0.07,0.0,0.0,0.52,0.1,0.9,1.62,1.62,0.04,Ala/Armador,#24
Gegê,Corinthians,26,20.2,4.31,1.04,3.46,30.0,0.27,0.77,35.0,0.65,0.77,85.0,0.0,3.81,1.23,3.09,1.27,1.03,4.31,3.12,0.54,0.65,8.08,2.96,0.0,0.0,0.0,1.23,0.08,0.27,2.69,2.5,0.0,Armador,#19
D. Souza,Pinheiros,9,12.87,4.22,0.56,2.0,27.78,1.11,2.0,55.56,0.33,0.67,50.0,0.0,0.56,0.89,0.63,0.11,0.13,4.22,1.67,2.22,0.33,4.67,3.11,0.22,0.0,0.0,0.89,0.11,1.11,2.0,2.0,0.11,Pivô,#12
Jhonatan,Flamengo,29,17.94,4.14,0.9,2.59,34.67,0.55,1.07,51.61,0.34,0.38,90.91,0.07,0.93,0.62,1.5,0.45,0.72,4.14,2.69,1.1,0.34,5.34,2.59,0.1,0.0,0.0,0.62,0.03,1.03,1.55,1.86,0.06,Ala,#7
Kurtz,Mogi,32,9.6,4.09,0.0,0.0,0.0,1.72,2.84,60.44,0.66,1.28,51.22,0.25,0.31,0.88,0.36,0.0,0.0,4.09,0.0,3.44,0.66,4.34,2.31,0.25,0.0,0.0,0.88,0.13,0.53,1.78,1.53,0.16,Pivô,#34
Valter,Pinheiros,14,12.39,4.07,0.57,1.71,33.33,1.07,1.86,57.69,0.21,0.21,100.0,0.0,0.71,1.21,0.59,0.5,0.41,4.07,1.71,2.14,0.21,3.43,1.21,0.07,0.0,0.0,1.21,0.07,0.29,0.93,1.57,0.05,Ala/Armador,#28
Alex,Cerrado Basquete,26,15.25,3.96,0.35,0.96,36.0,1.23,3.15,39.02,0.46,0.85,54.55,0.31,1.04,1.0,1.04,0.69,0.69,3.96,1.04,2.46,0.46,5.54,3.23,0.54,0.0,0.0,1.0,0.08,1.23,2.0,1.96,0.27,Ala/Pivô,#13
Doria,Paulistano,33,14.02,3.91,0.33,1.58,21.15,1.15,2.52,45.78,0.61,1.09,55.56,0.03,0.79,0.55,1.44,0.45,0.83,3.91,1.0,2.3,0.61,4.79,3.06,0.21,0.0,0.0,0.55,0.15,1.42,1.64,1.67,0.13,Ala/Pivô,#7
Gabriel,Pato Basquete,11,12.91,3.82,0.45,2.09,21.74,1.0,1.64,61.11,0.45,0.55,83.33,0.0,0.91,0.73,1.25,0.45,0.63,3.82,1.36,2.0,0.45,3.91,1.55,0.27,0.0,0.0,0.73,0.0,0.27,1.27,1.64,0.17,Ala,#12
Pezão,VipTech CMB,20,10.81,3.7,0.05,0.05,100.0,1.55,2.65,58.49,0.45,1.15,39.13,0.15,0.55,0.65,0.85,0.5,0.77,3.7,0.15,3.1,0.45,5.15,2.7,0.15,0.0,0.0,0.65,0.0,1.25,1.45,1.3,0.12,Pivô,#21
Sérgio,Cerrado Basquete,30,14.9,3.57,0.0,0.0,0.0,1.53,3.33,46.0,0.5,1.3,38.46,0.4,0.6,1.33,0.45,0.47,0.35,3.57,0.0,3.07,0.5,5.0,3.67,0.63,0.03,0.0,1.33,0.23,1.57,2.1,2.23,0.28,Pivô,#1
Nogueira,Fortaleza B. C.,10,17.62,3.5,0.0,0.5,0.0,1.6,3.2,50.0,0.3,0.7,42.86,0.6,2.8,1.6,1.75,0.5,0.31,3.5,0.0,3.2,0.3,8.1,4.0,1.4,0.0,0.0,1.6,0.1,0.8,3.2,1.6,0.88,Pivô,#92
Jamison,Pinheiros,12,14.14,3.5,0.17,1.58,10.53,1.17,2.92,40.0,0.67,0.83,80.0,0.0,0.25,1.0,0.25,0.17,0.17,3.5,0.5,2.33,0.67,1.75,2.08,0.08,0.0,0.0,1.0,0.0,0.83,1.25,1.33,0.06,Ala,#6
Adyel,Sesi Franca,32,10.71,3.47,0.28,1.22,23.08,0.94,2.28,41.1,0.75,1.0,75.0,0.03,1.25,0.69,1.82,0.56,0.82,3.47,0.84,1.88,0.75,3.88,1.69,0.13,0.0,0.0,0.69,0.06,0.69,1.0,1.19,0.11,Armador,#4
Rodrigues,Pato Basquete,30,9.05,3.43,0.0,0.0,0.0,1.43,2.63,54.43,0.57,0.8,70.83,0.13,0.33,0.53,0.63,0.5,0.94,3.43,0.0,2.87,0.57,4.0,1.63,0.07,0.0,0.0,0.53,0.07,0.97,0.67,1.0,0.07,Pivô,#16
Tom,VipTech CMB,28,11.19,3.43,0.0,0.0,0.0,1.32,2.71,48.68,0.79,2.0,39.29,0.14,0.43,0.61,0.71,0.36,0.59,3.43,0.0,2.64,0.79,4.18,2.86,0.32,0.0,0.0,0.61,0.07,1.25,1.61,2.61,0.12,Pivô,#40
Zubiaurre,Pinheiros,24,11.93,3.42,0.46,1.13,40.74,0.92,2.17,42.31,0.21,0.46,45.45,0.04,1.5,1.04,1.44,0.33,0.32,3.42,1.38,1.83,0.21,3.33,1.17,0.13,0.0,0.0,1.04,0.08,0.21,0.96,1.29,0.1,Armador,#31
J. Socas,BRB/Brasília,3,18.72,3.33,0.33,1.67,20.0,0.67,2.0,33.33,1.0,1.33,75.0,0.0,2.33,2.0,1.17,0.67,0.33,3.33,1.0,1.33,1.0,4.33,3.0,0.0,0.0,0.0,2.0,0.0,1.0,2.0,1.67,0.0,Armador,#54
Ambrosino,Cerrado Basquete,28,13.85,3.32,0.36,1.46,24.39,0.96,2.18,44.26,0.32,0.46,69.23,0.14,0.43,0.86,0.5,0.54,0.63,3.32,1.07,1.93,0.32,3.71,2.61,0.14,0.0,0.0,0.86,0.29,0.86,1.75,1.96,0.07,Ala/Pivô,#35
Aquiles,Pato Basquete,31,13.18,3.23,0.35,1.35,26.19,0.77,2.26,34.29,0.61,0.68,90.48,0.0,0.58,0.68,0.86,0.45,0.67,3.23,1.06,1.55,0.61,3.1,1.94,0.13,0.0,0.0,0.68,0.06,0.48,1.45,1.77,0.07,Ala,#20
Gabriel,BRB/Brasília,23,9.47,3.13,0.52,1.48,35.29,0.48,1.48,32.35,0.61,0.91,66.67,0.0,1.04,0.61,1.71,0.39,0.64,3.13,1.57,0.96,0.61,2.48,0.78,0.0,0.0,0.0,0.61,0.0,0.22,0.57,0.65,0.0,Armador,#8
Eugeniusz,KTO/Caxias do Sul,28,9.55,3.07,0.14,0.68,21.05,0.86,1.89,45.28,0.93,1.75,53.06,0.0,0.82,1.07,0.77,0.57,0.53,3.07,0.43,1.71,0.93,2.57,1.54,0.04,0.0,0.0,1.07,0.32,0.57,0.96,1.82,0.02,Armador,#6
Gemadinha,UNIFACISA,26,8.0,3.04,0.54,1.88,28.57,0.42,0.85,50.0,0.58,0.62,93.75,0.0,0.65,0.42,1.55,0.19,0.45,3.04,1.62,0.85,0.58,2.12,0.46,0.0,0.0,0.0,0.42,0.0,0.08,0.38,1.46,0.0,Ala,#35
Cassiano,Mogi,27,10.3,3.04,0.33,0.93,36.0,0.67,1.7,39.13,0.7,0.78,90.48,0.0,2.11,1.04,2.04,0.26,0.25,3.04,1.0,1.33,0.7,4.15,1.41,0.07,0.04,0.0,1.04,0.19,0.41,1.0,0.96,0.08,Armador,#5
Capela,Pinheiros,8,13.3,3.0,0.0,1.25,0.0,1.13,3.25,34.62,0.75,1.5,50.0,0.13,1.0,1.38,0.73,0.63,0.45,3.0,0.0,2.25,0.75,0.5,1.38,0.0,0.0,0.0,1.38,0.13,0.25,1.13,0.38,0.0,Ala/Armador,#5
Jonatan,Paulistano,11,6.46,2.82,0.82,1.91,42.86,0.0,0.27,0.0,0.36,0.45,80.0,0.0,0.27,0.45,0.6,0.09,0.2,2.82,2.45,0.0,0.36,1.91,0.64,0.0,0.0,0.0,0.45,0.0,0.27,0.36,0.45,0.0,Ala/Armador,#50
Camargo,Flamengo,5,6.72,2.8,0.2,0.4,50.0,0.8,1.4,57.14,0.6,1.0,60.0,0.2,0.8,1.6,0.5,0.8,0.5,2.8,0.6,1.6,0.6,2.2,0.6,0.0,0.0,0.0,1.6,0.8,0.0,0.6,0.2,0.0,Armador,#13
R. Rachel,Flamengo,22,7.75,2.73,0.36,1.23,29.63,0.68,0.82,83.33,0.27,0.5,54.55,0.14,0.14,0.41,0.33,0.41,1.0,2.73,1.09,1.36,0.27,4.18,2.23,0.32,0.05,0.0,0.41,0.14,0.68,1.55,0.91,0.35,Ala/Pivô,#20
Vezarinho,Corinthians,27,9.04,2.7,0.37,1.26,29.41,0.59,1.41,42.11,0.41,0.52,78.57,0.0,0.7,0.48,1.46,0.3,0.62,2.7,1.11,1.19,0.41,2.48,1.04,0.04,0.0,0.0,0.48,0.11,0.19,0.85,0.78,0.05,Ala/Armador,#10
Danilo,BRB/Brasília,19,10.22,2.58,0.26,0.68,38.46,0.47,0.95,50.0,0.84,1.16,72.73,0.0,0.42,0.89,0.47,0.32,0.35,2.58,0.79,0.95,0.84,2.58,1.37,0.0,0.0,0.0,0.89,0.21,0.47,0.89,0.37,0.0,Ala,#17
M. Douglas,Pinheiros,26,10.06,2.54,0.08,0.46,16.67,1.04,3.04,34.18,0.23,0.58,40.0,0.31,0.08,0.46,0.17,0.27,0.58,2.54,0.23,2.08,0.23,2.58,2.58,0.31,0.0,0.0,0.46,0.08,0.81,1.77,1.08,0.29,Pivô,#13
Alexandrino,UNIFACISA,19,12.32,2.42,0.0,0.0,0.0,1.0,1.89,52.78,0.42,0.84,50.0,0.05,0.37,0.42,0.88,0.26,0.63,2.42,0.0,2.0,0.42,3.79,2.26,0.21,0.0,0.0,0.42,0.21,1.05,1.21,2.58,0.08,Pivô,#13
Ruan,Flamengo,9,5.69,2.33,0.0,0.0,0.0,0.89,1.78,50.0,0.56,1.33,41.67,0.22,0.22,0.0,1.0,0.11,1.0,2.33,0.0,1.78,0.56,3.22,2.22,0.0,0.0,0.0,0.0,0.0,1.56,0.67,0.44,0.0,Ala/Pivô,#9
Luis,Cerrado Basquete,18,7.99,2.28,0.5,1.56,32.14,0.22,0.83,26.67,0.33,0.44,75.0,0.0,0.67,0.33,2.0,0.22,0.67,2.28,1.5,0.44,0.33,1.56,0.5,0.0,0.0,0.0,0.33,0.06,0.11,0.39,0.72,0.0,Armador,#9
Edu Marília,Sesi Franca,25,5.57,2.12,0.16,0.36,44.44,0.72,1.2,60.0,0.2,0.44,45.45,0.24,0.28,0.44,0.64,0.12,0.27,2.12,0.48,1.44,0.2,2.36,1.12,0.08,0.0,0.0,0.44,0.08,0.16,0.96,1.08,0.07,Ala/Pivô,#11
Lobo,Fortaleza B. C.,16,5.26,2.06,0.44,1.06,41.18,0.13,0.44,28.57,0.5,0.69,72.73,0.06,0.19,0.63,0.3,0.31,0.5,2.06,1.31,0.25,0.5,1.31,0.5,0.0,0.0,0.0,0.63,0.13,0.06,0.44,0.63,0.0,Armador,#9
Varejão,VipTech CMB,4,1.74,2.0,0.0,0.0,0.0,0.75,1.25,60.0,0.5,0.75,66.67,0.0,0.0,0.25,0.0,0.0,0.0,2.0,0.0,1.5,0.5,1.75,0.75,0.0,0.0,0.0,0.25,0.0,0.5,0.25,0.25,0.0,Pivô,#50
Colina,Mogi,10,4.67,2.0,0.4,1.0,40.0,0.2,0.4,50.0,0.4,0.4,100.0,0.0,0.2,0.2,1.0,0.2,1.0,2.0,1.2,0.4,0.4,2.1,0.7,0.0,0.0,0.0,0.2,0.0,0.0,0.7,1.1,0.0,Ala,#8
Lassance,Fortaleza B. C.,16,8.62,2.0,0.25,0.63,40.0,0.56,1.5,37.5,0.13,0.13,100.0,0.06,1.19,0.25,4.75,0.31,1.25,2.0,0.75,1.13,0.13,2.88,0.94,0.0,0.0,0.0,0.25,0.06,0.06,0.88,0.69,0.0,Armador,#24
Nathan,Sesi Franca,6,3.2,1.83,0.5,0.67,75.0,0.0,0.17,0.0,0.33,0.33,100.0,0.0,0.17,0.17,1.0,0.17,1.0,1.83,1.5,0.0,0.33,2.33,0.67,0.0,0.0,0.0,0.17,0.0,0.33,0.33,0.33,0.0,Ala/Pivô,#43
Djalo,Corinthians,11,5.29,1.82,0.09,0.36,25.0,0.64,1.0,63.64,0.27,1.09,25.0,0.27,0.0,0.18,0.0,0.27,1.5,1.82,0.27,1.27,0.27,1.82,1.27,0.09,0.0,0.0,0.18,0.0,0.64,0.64,0.45,0.2,Ala/Pivô,#35
Alexei Patrício,Bauru,25,7.03,1.76,0.32,0.64,50.0,0.24,0.76,31.58,0.32,0.48,66.67,0.0,0.4,0.48,0.83,0.24,0.5,1.76,0.96,0.48,0.32,1.68,0.76,0.0,0.0,0.0,0.48,0.08,0.12,0.64,1.12,0.0,Armador,#3
R. Stabile,KTO/Caxias do Sul,29,7.54,1.72,0.21,1.03,20.0,0.34,0.69,50.0,0.41,0.59,70.59,0.0,0.41,0.55,0.75,0.1,0.19,1.72,0.62,0.69,0.41,1.69,1.28,0.07,0.0,0.0,0.55,0.03,0.14,1.14,1.48,0.05,Ala/Pivô,#17
João Pedro,Bauru,6,6.54,1.67,0.0,0.0,0.0,0.67,1.33,50.0,0.33,0.33,100.0,0.17,0.0,0.5,0.0,0.17,0.33,1.67,0.0,1.33,0.33,1.33,0.67,0.0,0.0,0.0,0.5,0.17,0.17,0.5,0.83,0.0,Pivô,#16
Maciel,Flamengo,12,5.28,1.67,0.42,0.92,45.45,0.17,0.67,25.0,0.08,0.33,25.0,0.0,0.17,0.42,0.4,0.08,0.2,1.67,1.25,0.33,0.08,1.92,1.67,0.0,0.0,0.0,0.42,0.08,0.25,1.42,0.5,0.0,Ala/Pivô,#34
Dalaqua,Corinthians,19,7.89,1.63,0.32,1.47,21.43,0.32,0.58,54.55,0.05,0.11,50.0,0.0,0.32,0.32,1.0,0.0,0.0,1.63,0.95,0.63,0.05,0.53,0.37,0.0,0.0,0.0,0.32,0.0,0.11,0.26,1.26,0.0,Armador,#8
L. Brito,VipTech CMB,11,6.3,1.55,0.0,0.36,0.0,0.45,1.55,29.41,0.64,0.82,77.78,0.27,0.27,0.82,0.33,0.64,0.78,1.55,0.0,0.91,0.64,1.0,1.0,0.0,0.0,0.0,0.82,0.0,0.18,0.82,1.18,0.0,Ala/Armador,#6
Kirsten,Pato Basquete,11,6.57,1.55,0.45,1.09,41.67,0.09,0.36,25.0,0.0,0.0,0.0,0.0,0.09,0.18,0.5,0.0,0.0,1.55,1.36,0.18,0.0,1.0,0.45,0.0,0.0,0.0,0.18,0.09,0.27,0.18,0.73,0.0,Ala,#11
Vinícius,Paulistano,2,2.87,1.5,0.5,1.0,50.0,0.0,0.0,0.0,0.0,0.0,0.0,0.0,0.0,0.0,1.0,0.0,1.0,1.5,1.5,0.0,0.0,1.0,0.0,0.0,0.0,0.0,0.0,0.0,0.0,0.0,0.5,0.0,Armador,#3
Rubinho,KTO/Caxias do Sul,2,1.2,1.5,0.5,1.0,50.0,0.0,0.0,0.0,0.0,0.0,0.0,0.0,0.0,0.0,1.0,0.0,1.0,1.5,1.5,0.0,0.0,1.0,0.0,0.0,0.0,0.0,0.0,0.0,0.0,0.0,0.0,1.0,Pivô,#15
J V Vieira,Cerrado Basquete,2,1.33,1.5,0.5,1.0,50.0,0.0,0.0,0.0,0.0,0.0,0.0,0.0,0.0,0.0,1.0,0.0,1.0,1.5,1.5,0.0,0.0,1.5,0.5,0.0,0.0,0.0,0.0,0.0,0.5,0.0,0.0,1.0,Armador,#90
Ludwig,Corinthians,8,2.44,1.5,0.0,0.0,0.0,0.63,0.88,71.43,0.25,0.25,100.0,0.0,0.0,0.25,0.0,0.0,0.0,1.5,0.0,1.25,0.25,1.5,0.5,0.0,0.0,0.0,0.25,0.0,0.25,0.25,0.38,0.0,Pivô,#14
Dias,Minas,10,4.42,1.5,0.3,1.2,25.0,0.3,0.4,75.0,0.0,0.0,0.0,0.0,0.0,0.0,1.0,0.2,1.0,1.5,0.9,0.6,0.0,1.6,0.9,0.0,0.0,0.0,0.0,0.0,0.4,0.5,0.5,0.0,Ala/Pivô,#31
Ianguas,Paulistano,22,6.36,1.41,0.0,0.0,0.0,0.64,1.14,56.0,0.14,0.27,50.0,0.18,0.09,0.09,1.0,0.14,1.5,1.41,0.0,1.27,0.14,2.36,1.36,0.09,0.0,0.0,0.09,0.0,0.73,0.64,1.36,0.07,Pivô,#20
Gabriel,Fortaleza B. C.,16,5.57,1.38,0.06,0.75,8.33,0.38,1.13,33.33,0.44,0.5,87.5,0.0,0.06,0.0,1.0,0.06,1.0,1.38,0.19,0.75,0.44,0.81,0.75,0.06,0.0,0.0,0.0,0.0,0.25,0.5,0.44,0.14,Ala,#7
Igor,São Paulo,15,7.77,1.2,0.33,1.53,21.74,0.0,0.47,0.0,0.2,0.53,37.5,0.0,1.2,0.27,4.5,0.27,1.0,1.2,1.0,0.0,0.2,1.67,1.27,0.0,0.0,0.0,0.27,0.07,0.0,1.27,0.53,0.0,Armador,#20
D. Penteado,São Paulo,15,8.11,1.13,0.33,1.67,20.0,0.07,0.6,11.11,0.0,0.0,0.0,0.07,0.13,0.33,0.4,0.27,0.8,1.13,1.0,0.13,0.0,1.13,1.8,0.0,0.0,0.0,0.33,0.07,0.4,1.4,1.0,0.0,Ala,#12
Augusto,Minas,9,3.29,1.11,0.0,0.0,0.0,0.44,1.33,33.33,0.22,0.33,66.67,0.0,0.0,0.0,1.0,0.0,1.0,1.11,0.0,0.89,0.22,1.56,1.44,0.0,0.0,0.0,0.0,0.0,0.44,1.0,0.0,1.0,Pivô,#46
Derick,Pato Basquete,24,6.23,1.08,0.08,0.67,12.5,0.42,1.08,38.46,0.0,0.0,0.0,0.04,0.29,0.38,0.78,0.29,0.78,1.08,0.25,0.83,0.0,1.0,0.96,0.0,0.0,0.0,0.38,0.13,0.25,0.71,1.08,0.0,Ala,#8
Adriano Big,KTO/Caxias do Sul,17,6.84,1.06,0.0,0.0,0.0,0.35,1.12,31.58,0.35,0.71,50.0,0.12,0.0,1.29,0.0,0.0,0.0,1.06,0.0,0.71,0.35,0.12,1.47,0.0,0.0,0.0,1.29,0.06,0.94,0.53,1.29,0.0,Pivô,#4
Santana,Pinheiros,2,18.42,1.0,0.0,1.0,0.0,0.5,1.0,50.0,0.0,0.0,0.0,0.0,0.0,1.0,0.0,0.5,0.5,1.0,0.0,1.0,0.0,1.5,2.5,0.0,0.0,0.0,1.0,0.5,0.5,2.0,1.5,0.0,Ala,#34
André,Paulistano,3,3.84,1.0,0.0,0.0,0.0,0.33,0.33,100.0,0.33,0.67,50.0,0.0,0.0,0.0,1.0,0.0,1.0,1.0,0.0,0.67,0.33,1.67,1.0,0.0,0.0,0.0,0.0,0.0,0.33,0.67,0.67,0.0,Pivô,#23
Emanuel Matias,Bauru,11,3.57,0.82,0.09,0.36,25.0,0.18,0.36,50.0,0.18,0.18,100.0,0.0,0.0,0.27,0.0,0.18,0.67,0.82,0.27,0.36,0.18,1.0,0.73,0.0,0.0,0.0,0.27,0.09,0.09,0.64,1.09,0.0,Ala/Pivô,#11
Dida,KTO/Caxias do Sul,7,4.91,0.71,0.0,0.0,0.0,0.29,0.43,66.67,0.14,0.29,50.0,0.0,0.0,0.14,0.0,0.0,0.0,0.71,0.0,0.57,0.14,1.14,0.86,0.0,0.0,0.0,0.14,0.0,0.29,0.57,1.29,0.0,Pivô,#41
Felipe,BRB/Brasília,15,3.77,0.67,0.0,0.33,0.0,0.33,0.53,62.5,0.0,0.27,0.0,0.0,0.27,0.2,1.33,0.13,0.67,0.67,0.0,0.67,0.0,0.53,0.47,0.0,0.0,0.0,0.2,0.07,0.33,0.13,0.33,0.0,Ala/Pivô,#11
Rafael,Paulistano,8,2.68,0.63,0.0,0.0,0.0,0.25,0.63,40.0,0.13,0.25,50.0,0.0,0.0,0.25,0.0,0.13,0.5,0.63,0.0,0.5,0.13,1.13,0.88,0.25,0.0,0.0,0.25,0.13,0.25,0.63,0.5,0.5,Pivô,#12
Felipe,Mogi,18,3.47,0.61,0.0,0.0,0.0,0.28,0.83,33.33,0.06,0.06,100.0,0.17,0.22,0.39,0.57,0.06,0.14,0.61,0.0,0.56,0.06,1.56,1.22,0.39,0.0,0.0,0.39,0.11,0.39,0.83,0.5,0.78,Pivô,#16
Ribeiro,Minas,7,4.4,0.57,0.0,0.43,0.0,0.14,0.43,33.33,0.29,0.29,100.0,0.0,0.0,0.57,0.0,0.43,0.75,0.57,0.0,0.29,0.29,-0.29,0.0,0.0,0.0,0.0,0.57,0.0,0.0,0.0,1.14,0.0,Ala,#12
Cristhyã,Flamengo,4,2.33,0.5,0.0,0.0,0.0,0.25,0.5,50.0,0.0,0.0,0.0,0.0,0.0,0.5,0.0,0.25,0.5,0.5,0.0,0.5,0.0,0.25,0.25,0.0,0.0,0.0,0.5,0.25,0.25,0.0,0.25,0.0,Armador,#41
L. Muller,VipTech CMB,4,8.66,0.5,0.0,0.5,0.0,0.0,0.5,0.0,0.5,1.5,33.33,0.0,1.25,0.25,5.0,0.0,0.0,0.5,0.0,0.0,0.5,0.25,0.75,0.0,0.0,0.0,0.25,0.0,0.0,0.75,1.75,0.0,Ala/Armador,#10
Buiú,Paulistano,12,3.08,0.5,0.17,0.5,33.33,0.0,0.5,0.0,0.0,0.17,0.0,0.0,0.0,0.08,0.0,0.17,2.0,0.5,0.5,0.0,0.0,0.0,0.33,0.08,0.0,0.0,0.08,0.0,0.0,0.33,0.58,0.14,Armador,#14
Beto,Paulistano,24,3.91,0.42,0.08,0.63,13.33,0.08,0.29,28.57,0.0,0.08,0.0,0.0,0.42,0.33,1.25,0.25,0.75,0.42,0.25,0.17,0.0,0.5,0.58,0.0,0.0,0.0,0.33,0.08,0.08,0.5,0.58,0.0,Armador,#5
Lukas Josuel,Bauru,5,1.91,0.4,0.0,0.0,0.0,0.2,0.6,33.33,0.0,0.0,0.0,0.2,0.0,0.2,0.0,0.0,0.0,0.4,0.0,0.4,0.0,0.0,0.2,0.0,0.0,0.0,0.2,0.0,0.0,0.2,0.4,0.0,Pivô,#12
Rapha,VipTech CMB,13,2.4,0.31,0.0,0.23,0.0,0.08,0.31,25.0,0.15,0.31,50.0,0.0,0.46,0.31,1.5,0.15,0.5,0.31,0.0,0.15,0.15,0.15,0.15,0.0,0.0,0.0,0.31,0.0,0.0,0.15,0.69,0.0,Armador,#1
Vitor,Sesi Franca,7,2.08,0.29,0.0,0.57,0.0,0.14,0.29,50.0,0.0,0.0,0.0,0.0,0.0,0.0,1.0,0.0,1.0,0.29,0.0,0.29,0.0,-0.43,0.0,0.0,0.0,0.0,0.0,0.0,0.0,0.0,0.43,0.0,Ala,#7
P. Costa,BRB/Brasília,1,1.12,0.0,0.0,0.0,0.0,0.0,1.0,0.0,0.0,0.0,0.0,0.0,0.0,0.0,1.0,0.0,1.0,0.0,0.0,0.0,0.0,-1.0,0.0,0.0,0.0,0.0,0.0,0.0,0.0,0.0,0.0,1.0,Ala/Armador,#1
Daniel,Paulistano,1,3.3,0.0,0.0,0.0,0.0,0.0,1.0,0.0,0.0,0.0,0.0,0.0,0.0,1.0,0.0,0.0,0.0,0.0,0.0,0.0,0.0,-2.0,0.0,0.0,0.0,0.0,1.0,1.0,0.0,0.0,0.0,1.0,Ala,#0
C. Gonçalves,São Paulo,1,0.13,0.0,0.0,0.0,0.0,0.0,0.0,0.0,0.0,0.0,0.0,0.0,0.0,0.0,1.0,0.0,1.0,0.0,0.0,0.0,0.0,0.0,0.0,0.0,0.0,0.0,0.0,0.0,0.0,0.0,0.0,1.0,Armador,#21
Du Klafke,Sesi Franca,1,1.53,0.0,0.0,1.0,0.0,0.0,0.0,0.0,0.0,0.0,0.0,0.0,0.0,0.0,1.0,0.0,1.0,0.0,0.0,0.0,0.0,-1.0,0.0,0.0,0.0,0.0,0.0,0.0,0.0,0.0,0.0,1.0,Ala,#14
Reynan,Sesi Franca,1,0.28,0.0,0.0,0.0,0.0,0.0,0.0,0.0,0.0,0.0,0.0,0.0,0.0,0.0,1.0,0.0,1.0,0.0,0.0,0.0,0.0,0.0,0.0,0.0,0.0,0.0,0.0,0.0,0.0,0.0,0.0,1.0,Ala/Armador,#29
P. Barros,BRB/Brasília,1,1.12,0.0,0.0,0.0,0.0,0.0,1.0,0.0,0.0,0.0,0.0,0.0,0.0,0.0,1.0,0.0,1.0,0.0,0.0,0.0,0.0,-1.0,0.0,0.0,0.0,0.0,0.0,0.0,0.0,0.0,0.0,1.0,Pivô,#21
Cestari,Corinthians,2,0.55,0.0,0.0,0.5,0.0,0.0,0.0,0.0,0.0,0.0,0.0,0.0,0.0,0.0,1.0,0.0,1.0,0.0,0.0,0.0,0.0,-0.5,0.0,0.0,0.0,0.0,0.0,0.0,0.0,0.0,0.0,1.0,Ala,#22
Ziggy,Mogi,2,4.38,0.0,0.0,0.5,0.0,0.0,0.0,0.0,0.0,1.0,0.0,0.0,0.0,0.5,0.0,0.5,1.0,0.0,0.0,0.0,0.0,0.0,1.5,0.0,0.0,0.0,0.5,0.0,1.0,0.5,0.5,0.0,Armador,#14
Victorino,Paulistano,2,1.65,0.0,0.0,0.0,0.0,0.0,0.5,0.0,0.0,0.0,0.0,0.0,0.0,0.0,1.0,0.0,1.0,0.0,0.0,0.0,0.0,0.0,0.5,0.0,0.0,0.0,0.0,0.0,0.5,0.0,0.0,1.0,Ala,#21
Duarte,Cerrado Basquete,2,3.35,0.0,0.0,0.5,0.0,0.0,0.0,0.0,0.0,0.0,0.0,0.0,0.0,0.0,1.0,0.5,1.0,0.0,0.0,0.0,0.0,0.0,0.0,0.0,0.0,0.0,0.0,0.0,0.0,0.0,0.5,0.0,Ala,#17
Wander Broock,VipTech CMB,3,1.04,0.0,0.0,0.0,0.0,0.0,0.33,0.0,0.0,0.0,0.0,0.0,0.0,0.0,1.0,0.0,1.0,0.0,0.0,0.0,0.0,-0.33,0.0,0.0,0.0,0.0,0.0,0.0,0.0,0.0,0.33,0.0,Ala/Armador,#26
Cadu,BRB/Brasília,3,0.96,0.0,0.0,0.0,0.0,0.0,0.0,0.0,0.0,0.0,0.0,0.0,0.0,0.0,1.0,0.0,1.0,0.0,0.0,0.0,0.0,0.33,0.33,0.0,0.0,0.0,0.0,0.0,0.0,0.33,0.0,1.0,Ala,#10
Victor,Corinthians,3,1.02,0.0,0.0,0.0,0.0,0.0,0.0,0.0,0.0,0.0,0.0,0.0,0.0,0.0,1.0,0.0,1.0,0.0,0.0,0.0,0.0,0.0,0.0,0.0,0.0,0.0,0.0,0.0,0.0,0.0,0.0,1.0,Ala,#3
Elvis F.,Pinheiros,3,1.04,0.0,0.0,0.0,0.0,0.0,0.0,0.0,0.0,0.0,0.0,0.0,0.0,0.0,1.0,0.0,1.0,0.0,0.0,0.0,0.0,0.0,0.0,0.0,0.0,0.0,0.0,0.0,0.0,0.0,1.33,0.0,Ala/Armador,#17
Marco,KTO/Caxias do Sul,3,0.27,0.0,0.0,0.0,0.0,0.0,0.0,0.0,0.0,0.0,0.0,0.0,0.0,0.0,1.0,0.0,1.0,0.0,0.0,0.0,0.0,0.0,0.0,0.0,0.0,0.0,0.0,0.0,0.0,0.0,0.0,1.0,Ala/Armador,#10
Léo Abreu,Sesi Franca,3,1.09,0.0,0.0,0.0,0.0,0.0,0.33,0.0,0.0,0.0,0.0,0.0,0.0,0.33,0.0,0.0,0.0,0.0,0.0,0.0,0.0,-0.67,0.0,0.0,0.0,0.0,0.33,0.0,0.0,0.0,0.0,1.0,Ala,#13
Pedro Silva,Mogi,4,2.2,0.0,0.0,0.0,0.0,0.0,0.25,0.0,0.0,0.0,0.0,0.0,0.0,0.5,0.0,0.25,0.5,0.0,0.0,0.0,0.0,0.0,0.5,0.0,0.0,0.0,0.5,0.0,0.25,0.25,0.0,1.0,Armador,#6
Murilo,Pato Basquete,4,4.33,0.0,0.0,0.25,0.0,0.0,0.25,0.0,0.0,0.0,0.0,0.0,1.0,0.25,4.0,0.25,1.0,0.0,0.0,0.0,0.0,1.0,0.5,0.0,0.0,0.0,0.25,0.0,0.0,0.5,0.5,0.0,Armador,#5
